East Side,Master Bedroom,Master Bathroom,Office,Ty's Bedroom,Luke's Bedroom,Sabry's Bedroom,Living Room
West Side,Brody's Bedroom,Kitchen,Den,Bar,Living Room,Outside
03/05/2025-10:05:10,75.0,74.0,76.0,75.0,76.0,74.0,72.0,74.0,72.0,74.0,74.0,72.0,61.0
03/05/2025-10:05:32,75.0,74.0,76.0,75.0,76.0,74.0,72.0,74.0,72.0,74.0,74.0,72.0,61.0
03/05/2025-10:06:02,75.0,74.0,76.0,75.0,76.0,74.0,72.0,74.0,72.0,74.0,74.0,72.0,61.0
03/05/2025-10:06:32,75.0,74.0,76.0,75.0,76.0,74.0,72.0,74.0,72.0,74.0,74.0,72.0,61.0
03/05/2025-10:07:02,75.0,74.0,76.0,75.0,76.0,74.0,72.0,74.0,72.0,74.0,74.0,72.0,61.0
03/05/2025-10:07:33,75.0,74.0,76.0,75.0,76.0,74.0,72.0,74.0,72.0,74.0,74.0,72.0,62.0
03/05/2025-10:08:04,75.0,74.0,76.0,75.0,76.0,74.0,72.0,74.0,72.0,74.0,74.0,72.0,62.0
03/05/2025-10:08:32,75.0,74.0,76.0,75.0,76.0,74.0,72.0,74.0,72.0,74.0,74.0,72.0,62.0
03/05/2025-10:09:02,75.0,74.0,76.0,75.0,76.0,74.0,72.0,74.0,72.0,74.0,74.0,72.0,62.0
03/05/2025-10:09:32,75.0,74.0,76.0,75.0,76.0,74.0,72.0,74.0,72.0,74.0,74.0,72.0,62.0
03/05/2025-10:10:02,75.0,74.0,76.0,75.0,76.0,74.0,72.0,74.0,72.0,73.0,74.0,72.0,62.0
03/05/2025-10:10:32,75.0,74.0,76.0,75.0,76.0,74.0,72.0,74.0,72.0,73.0,74.0,72.0,62.0
03/05/2025-10:11:02,75.0,74.0,76.0,75.0,76.0,74.0,72.0,74.0,72.0,73.0,74.0,72.0,62.0
03/05/2025-10:11:32,75.0,74.0,76.0,75.0,76.0,74.0,72.0,74.0,72.0,73.0,74.0,72.0,62.0
03/05/2025-10:12:02,75.0,74.0,76.0,75.0,76.0,74.0,72.0,74.0,72.0,73.0,74.0,72.0,62.0
03/05/2025-10:12:32,75.0,74.0,76.0,75.0,76.0,74.0,72.0,74.0,72.0,73.0,74.0,72.0,62.0
03/05/2025-10:13:02,75.0,74.0,76.0,75.0,76.0,74.0,72.0,74.0,72.0,73.0,74.0,72.0,62.0
03/05/2025-10:13:32,75.0,74.0,76.0,75.0,76.0,74.0,72.0,74.0,72.0,73.0,74.0,72.0,62.0
03/05/2025-10:14:04,75.0,74.0,76.0,75.0,76.0,74.0,72.0,74.0,72.0,74.0,74.0,72.0,62.0
03/05/2025-10:14:32,75.0,74.0,76.0,75.0,76.0,74.0,72.0,74.0,72.0,74.0,74.0,72.0,62.0
03/05/2025-10:15:02,75.0,74.0,76.0,75.0,76.0,74.0,72.0,74.0,72.0,74.0,74.0,72.0,62.0
03/05/2025-10:15:32,75.0,74.0,76.0,75.0,76.0,74.0,72.0,74.0,72.0,74.0,74.0,72.0,62.0
03/05/2025-10:16:02,75.0,74.0,76.0,75.0,76.0,74.0,72.0,74.0,72.0,74.0,74.0,72.0,62.0
03/05/2025-10:16:33,75.0,74.0,76.0,75.0,76.0,74.0,72.0,74.0,72.0,73.0,74.0,72.0,62.0
03/05/2025-10:17:02,75.0,74.0,76.0,75.0,76.0,74.0,72.0,74.0,72.0,73.0,74.0,72.0,62.0
03/05/2025-10:17:32,75.0,74.0,76.0,75.0,76.0,74.0,72.0,74.0,72.0,73.0,74.0,72.0,62.0
03/05/2025-10:18:02,75.0,74.0,76.0,75.0,76.0,74.0,72.0,74.0,72.0,73.0,74.0,72.0,62.0
03/05/2025-10:18:32,75.0,74.0,76.0,75.0,76.0,74.0,72.0,74.0,72.0,73.0,74.0,72.0,62.0
03/05/2025-10:19:02,75.0,74.0,76.0,75.0,76.0,74.0,72.0,74.0,72.0,73.0,74.0,72.0,62.0
03/05/2025-10:19:33,75.0,74.0,76.0,75.0,76.0,74.0,72.0,74.0,72.0,73.0,74.0,72.0,62.0
03/05/2025-10:20:02,75.0,74.0,76.0,75.0,76.0,74.0,72.0,74.0,72.0,73.0,74.0,72.0,62.0
03/05/2025-10:20:34,75.0,74.0,76.0,75.0,76.0,74.0,72.0,74.0,72.0,73.0,74.0,72.0,62.0
03/05/2025-10:21:02,75.0,74.0,76.0,75.0,76.0,74.0,72.0,74.0,72.0,73.0,74.0,72.0,62.0
03/05/2025-10:21:32,75.0,74.0,76.0,75.0,76.0,74.0,72.0,74.0,72.0,73.0,74.0,72.0,62.0
03/05/2025-10:22:02,75.0,74.0,76.0,75.0,75.0,74.0,72.0,74.0,72.0,73.0,74.0,72.0,62.0
03/05/2025-10:22:32,75.0,74.0,76.0,75.0,75.0,74.0,72.0,74.0,72.0,73.0,74.0,72.0,62.0
03/05/2025-10:23:02,75.0,74.0,76.0,75.0,76.0,74.0,72.0,74.0,72.0,73.0,74.0,72.0,62.0
03/05/2025-10:23:32,75.0,74.0,76.0,75.0,76.0,74.0,72.0,74.0,72.0,73.0,74.0,72.0,62.0
03/05/2025-10:24:03,75.0,74.0,76.0,75.0,76.0,74.0,72.0,74.0,72.0,73.0,74.0,72.0,62.0
03/05/2025-10:24:32,75.0,74.0,76.0,75.0,76.0,74.0,72.0,74.0,72.0,74.0,74.0,72.0,62.0
03/05/2025-10:25:02,75.0,74.0,76.0,75.0,76.0,74.0,72.0,74.0,72.0,74.0,74.0,72.0,62.0
03/05/2025-10:25:32,75.0,74.0,76.0,75.0,76.0,74.0,72.0,74.0,72.0,73.0,74.0,72.0,62.0
03/05/2025-10:26:02,75.0,74.0,76.0,75.0,76.0,74.0,72.0,74.0,72.0,73.0,74.0,72.0,62.0
03/05/2025-10:26:32,75.0,74.0,76.0,75.0,76.0,74.0,72.0,74.0,72.0,73.0,74.0,72.0,62.0
03/05/2025-10:27:02,75.0,74.0,76.0,75.0,76.0,74.0,72.0,74.0,72.0,73.0,74.0,72.0,62.0
03/05/2025-10:27:32,75.0,74.0,76.0,75.0,76.0,74.0,72.0,74.0,72.0,73.0,74.0,72.0,62.0
03/05/2025-10:28:02,75.0,74.0,76.0,75.0,76.0,74.0,72.0,74.0,72.0,73.0,74.0,72.0,62.0
03/05/2025-10:28:33,75.0,74.0,76.0,75.0,76.0,74.0,72.0,74.0,72.0,74.0,74.0,72.0,62.0
03/05/2025-10:29:02,75.0,74.0,76.0,75.0,76.0,74.0,72.0,74.0,72.0,74.0,74.0,72.0,62.0
03/05/2025-10:29:32,75.0,74.0,76.0,75.0,76.0,74.0,72.0,74.0,72.0,74.0,74.0,72.0,62.0
03/05/2025-10:30:02,75.0,74.0,76.0,75.0,76.0,74.0,72.0,74.0,72.0,74.0,74.0,72.0,62.0
03/05/2025-10:30:32,75.0,74.0,76.0,75.0,76.0,74.0,72.0,74.0,72.0,74.0,74.0,72.0,62.0
03/05/2025-10:31:02,75.0,74.0,76.0,75.0,76.0,74.0,72.0,74.0,72.0,74.0,74.0,72.0,62.0
03/05/2025-10:31:32,75.0,74.0,76.0,75.0,76.0,74.0,72.0,74.0,72.0,73.0,74.0,72.0,62.0
03/05/2025-10:32:02,75.0,74.0,76.0,75.0,76.0,74.0,72.0,74.0,72.0,73.0,74.0,72.0,62.0
03/05/2025-10:32:32,75.0,74.0,76.0,75.0,75.0,74.0,72.0,74.0,72.0,73.0,75.0,72.0,62.0
03/05/2025-10:33:02,75.0,74.0,76.0,75.0,75.0,74.0,72.0,74.0,72.0,73.0,75.0,72.0,62.0
03/05/2025-10:33:33,75.0,74.0,76.0,75.0,75.0,74.0,72.0,74.0,72.0,73.0,74.0,72.0,62.0
03/05/2025-10:34:02,75.0,74.0,76.0,75.0,75.0,74.0,72.0,74.0,72.0,73.0,74.0,72.0,62.0
03/05/2025-10:34:32,75.0,74.0,76.0,75.0,75.0,74.0,72.0,74.0,72.0,73.0,74.0,72.0,62.0
03/05/2025-10:35:02,75.0,74.0,76.0,75.0,75.0,74.0,72.0,74.0,72.0,73.0,74.0,72.0,62.0
03/05/2025-10:35:32,75.0,74.0,76.0,75.0,75.0,74.0,72.0,74.0,72.0,74.0,74.0,72.0,62.0
03/05/2025-10:36:02,75.0,74.0,76.0,75.0,75.0,74.0,72.0,74.0,72.0,74.0,74.0,72.0,62.0
03/05/2025-10:36:32,75.0,74.0,76.0,75.0,75.0,74.0,72.0,74.0,72.0,74.0,74.0,72.0,62.0
03/05/2025-10:37:02,75.0,74.0,76.0,75.0,75.0,74.0,72.0,74.0,72.0,74.0,74.0,72.0,62.0
03/05/2025-10:37:32,75.0,74.0,76.0,75.0,75.0,74.0,72.0,74.0,72.0,74.0,74.0,72.0,62.0
03/05/2025-10:38:02,75.0,74.0,76.0,75.0,75.0,74.0,72.0,74.0,72.0,74.0,74.0,72.0,62.0
03/05/2025-10:38:32,75.0,74.0,76.0,75.0,75.0,74.0,72.0,74.0,72.0,73.0,74.0,72.0,62.0
03/05/2025-10:39:02,75.0,74.0,76.0,75.0,75.0,74.0,72.0,74.0,72.0,73.0,74.0,72.0,63.0
03/05/2025-10:39:32,75.0,74.0,76.0,75.0,75.0,74.0,72.0,74.0,72.0,73.0,74.0,72.0,63.0
03/05/2025-10:40:02,75.0,74.0,76.0,75.0,75.0,74.0,72.0,74.0,72.0,73.0,74.0,72.0,63.0
03/05/2025-10:40:32,75.0,74.0,76.0,75.0,75.0,74.0,72.0,74.0,72.0,73.0,74.0,72.0,63.0
03/05/2025-10:41:02,75.0,74.0,76.0,75.0,75.0,74.0,72.0,74.0,72.0,73.0,74.0,72.0,63.0
03/05/2025-10:41:33,75.0,74.0,76.0,75.0,75.0,74.0,72.0,74.0,72.0,73.0,74.0,72.0,63.0
03/05/2025-10:42:02,75.0,74.0,76.0,75.0,75.0,74.0,72.0,74.0,72.0,73.0,74.0,72.0,63.0
03/05/2025-10:42:32,75.0,74.0,76.0,75.0,75.0,74.0,72.0,74.0,72.0,73.0,74.0,72.0,63.0
03/05/2025-10:43:02,75.0,74.0,77.0,75.0,75.0,74.0,72.0,74.0,72.0,73.0,74.0,72.0,63.0
03/05/2025-10:43:32,75.0,74.0,77.0,75.0,75.0,74.0,72.0,74.0,72.0,73.0,74.0,72.0,63.0
03/05/2025-10:44:02,75.0,74.0,76.0,75.0,75.0,74.0,72.0,74.0,72.0,73.0,74.0,72.0,63.0
03/05/2025-10:44:32,75.0,74.0,76.0,75.0,75.0,74.0,72.0,74.0,72.0,73.0,74.0,72.0,63.0
03/05/2025-10:45:02,75.0,74.0,76.0,75.0,75.0,74.0,72.0,74.0,72.0,73.0,74.0,72.0,63.0
03/05/2025-10:45:32,75.0,74.0,76.0,74.0,75.0,74.0,72.0,74.0,72.0,73.0,74.0,72.0,63.0
03/05/2025-10:46:03,75.0,74.0,76.0,74.0,75.0,74.0,72.0,74.0,72.0,73.0,74.0,72.0,63.0
03/05/2025-10:46:33,75.0,74.0,76.0,75.0,75.0,74.0,72.0,74.0,72.0,73.0,74.0,72.0,63.0
03/05/2025-10:47:02,75.0,74.0,76.0,75.0,75.0,74.0,72.0,74.0,72.0,73.0,74.0,72.0,63.0
03/05/2025-10:47:32,75.0,74.0,76.0,75.0,75.0,74.0,72.0,74.0,72.0,73.0,74.0,72.0,63.0
03/05/2025-10:48:02,75.0,74.0,77.0,75.0,75.0,73.0,72.0,74.0,72.0,73.0,74.0,72.0,63.0
03/05/2025-10:48:32,75.0,74.0,77.0,75.0,76.0,73.0,72.0,74.0,72.0,73.0,74.0,72.0,63.0
03/05/2025-10:49:02,75.0,74.0,77.0,75.0,76.0,73.0,72.0,74.0,72.0,73.0,74.0,72.0,63.0
03/05/2025-10:49:32,75.0,74.0,77.0,75.0,76.0,73.0,72.0,74.0,72.0,73.0,74.0,72.0,63.0
03/05/2025-10:50:02,75.0,74.0,77.0,75.0,76.0,74.0,72.0,73.0,72.0,73.0,74.0,72.0,64.0
03/05/2025-10:50:32,75.0,74.0,77.0,74.0,76.0,74.0,72.0,73.0,72.0,73.0,74.0,72.0,64.0
03/05/2025-10:51:02,75.0,74.0,77.0,74.0,76.0,74.0,72.0,74.0,72.0,73.0,74.0,72.0,64.0
03/05/2025-10:51:32,75.0,74.0,77.0,75.0,76.0,74.0,72.0,74.0,72.0,73.0,74.0,72.0,64.0
03/05/2025-10:52:02,75.0,74.0,77.0,75.0,76.0,74.0,72.0,74.0,72.0,73.0,74.0,72.0,64.0
03/05/2025-10:52:32,75.0,74.0,77.0,75.0,75.0,74.0,72.0,74.0,72.0,74.0,74.0,72.0,64.0
03/05/2025-10:53:02,75.0,74.0,77.0,75.0,75.0,74.0,72.0,73.0,72.0,74.0,74.0,72.0,64.0
03/05/2025-10:53:34,75.0,74.0,77.0,75.0,75.0,74.0,72.0,73.0,72.0,74.0,74.0,72.0,64.0
03/05/2025-10:54:02,75.0,74.0,77.0,75.0,75.0,74.0,72.0,73.0,72.0,74.0,74.0,72.0,64.0
03/05/2025-10:54:32,75.0,74.0,76.0,75.0,75.0,74.0,72.0,73.0,72.0,74.0,74.0,72.0,64.0
03/05/2025-10:55:02,75.0,74.0,76.0,75.0,75.0,74.0,72.0,73.0,72.0,74.0,74.0,72.0,64.0
03/05/2025-10:55:32,75.0,74.0,76.0,75.0,75.0,74.0,72.0,73.0,72.0,74.0,74.0,72.0,64.0
03/05/2025-10:56:02,75.0,74.0,76.0,75.0,75.0,74.0,72.0,74.0,72.0,74.0,74.0,72.0,64.0
03/05/2025-10:56:32,75.0,74.0,76.0,75.0,76.0,74.0,72.0,74.0,72.0,74.0,74.0,72.0,64.0
03/05/2025-10:57:05,75.0,74.0,76.0,75.0,76.0,74.0,72.0,74.0,72.0,74.0,74.0,72.0,64.0
03/05/2025-10:57:32,75.0,74.0,76.0,75.0,76.0,74.0,72.0,74.0,72.0,74.0,74.0,72.0,64.0
03/05/2025-10:58:02,75.0,74.0,76.0,75.0,76.0,74.0,72.0,74.0,72.0,74.0,74.0,72.0,64.0
03/05/2025-10:58:35,75.0,74.0,77.0,75.0,76.0,74.0,72.0,74.0,72.0,74.0,74.0,72.0,64.0
03/05/2025-10:59:02,75.0,74.0,77.0,75.0,76.0,74.0,72.0,74.0,72.0,74.0,74.0,72.0,64.0
03/05/2025-10:59:32,75.0,74.0,77.0,75.0,76.0,74.0,72.0,74.0,72.0,74.0,74.0,72.0,64.0
03/05/2025-11:00:02,75.0,74.0,77.0,75.0,76.0,74.0,72.0,74.0,72.0,73.0,74.0,72.0,64.0
03/05/2025-11:00:32,75.0,74.0,77.0,75.0,76.0,74.0,72.0,74.0,72.0,73.0,74.0,72.0,64.0
03/05/2025-11:01:02,75.0,74.0,77.0,75.0,76.0,74.0,72.0,74.0,72.0,73.0,74.0,72.0,64.0
03/05/2025-11:01:37,75.0,74.0,77.0,75.0,76.0,74.0,72.0,74.0,72.0,73.0,74.0,72.0,64.0
03/05/2025-11:02:03,75.0,74.0,77.0,75.0,76.0,74.0,72.0,74.0,72.0,73.0,74.0,72.0,64.0
03/05/2025-11:02:32,75.0,74.0,76.0,75.0,76.0,74.0,72.0,74.0,72.0,73.0,74.0,72.0,64.0
03/05/2025-11:03:02,75.0,74.0,76.0,75.0,76.0,74.0,72.0,74.0,72.0,74.0,74.0,72.0,64.0
03/05/2025-11:03:32,75.0,74.0,76.0,75.0,76.0,74.0,72.0,74.0,72.0,74.0,74.0,72.0,64.0
03/05/2025-11:04:05,75.0,74.0,76.0,75.0,76.0,74.0,72.0,74.0,72.0,74.0,74.0,72.0,64.0
03/05/2025-11:04:32,75.0,74.0,76.0,75.0,76.0,74.0,72.0,74.0,72.0,74.0,74.0,72.0,64.0
03/05/2025-11:05:07,75.0,74.0,76.0,75.0,76.0,74.0,72.0,74.0,72.0,74.0,74.0,72.0,64.0
03/05/2025-11:05:32,75.0,74.0,76.0,75.0,76.0,74.0,72.0,74.0,72.0,74.0,74.0,72.0,64.0
03/05/2025-11:06:09,75.0,74.0,76.0,75.0,76.0,74.0,72.0,73.0,72.0,74.0,74.0,72.0,64.0
03/05/2025-11:06:32,75.0,74.0,77.0,75.0,76.0,74.0,72.0,73.0,72.0,74.0,74.0,72.0,64.0
03/05/2025-11:07:02,75.0,74.0,77.0,75.0,75.0,74.0,72.0,74.0,72.0,74.0,74.0,72.0,64.0
03/05/2025-11:07:32,75.0,74.0,77.0,75.0,75.0,74.0,72.0,74.0,72.0,74.0,74.0,72.0,64.0
03/05/2025-11:08:02,75.0,73.0,77.0,75.0,75.0,74.0,72.0,74.0,72.0,74.0,74.0,72.0,64.0
03/05/2025-11:08:32,75.0,73.0,77.0,75.0,75.0,74.0,72.0,74.0,72.0,74.0,74.0,72.0,64.0
03/05/2025-11:09:09,75.0,74.0,77.0,75.0,75.0,74.0,72.0,74.0,72.0,74.0,74.0,72.0,64.0
03/05/2025-11:09:33,75.0,74.0,77.0,75.0,75.0,74.0,72.0,74.0,72.0,74.0,74.0,72.0,64.0
03/05/2025-11:10:02,75.0,74.0,77.0,75.0,76.0,74.0,72.0,74.0,72.0,73.0,74.0,72.0,64.0
03/05/2025-11:10:34,75.0,74.0,77.0,75.0,76.0,74.0,72.0,74.0,72.0,73.0,74.0,72.0,64.0
03/05/2025-11:11:10,75.0,74.0,77.0,75.0,76.0,74.0,72.0,74.0,72.0,73.0,74.0,72.0,64.0
03/05/2025-11:11:34,75.0,74.0,77.0,75.0,76.0,74.0,72.0,74.0,72.0,73.0,74.0,72.0,64.0
03/05/2025-11:12:03,75.0,74.0,77.0,75.0,76.0,74.0,72.0,74.0,72.0,73.0,74.0,72.0,64.0
03/05/2025-11:12:33,75.0,74.0,77.0,75.0,76.0,74.0,72.0,74.0,72.0,73.0,74.0,72.0,64.0
03/05/2025-11:13:05,75.0,74.0,77.0,75.0,76.0,74.0,72.0,74.0,72.0,74.0,74.0,72.0,64.0
03/05/2025-11:13:32,75.0,74.0,77.0,75.0,76.0,74.0,72.0,74.0,72.0,74.0,74.0,72.0,64.0
03/05/2025-11:14:02,75.0,74.0,77.0,75.0,76.0,74.0,72.0,74.0,72.0,74.0,74.0,72.0,64.0
03/05/2025-11:14:32,75.0,74.0,77.0,75.0,76.0,74.0,72.0,74.0,72.0,74.0,74.0,72.0,64.0
03/05/2025-11:15:03,75.0,74.0,77.0,75.0,76.0,74.0,72.0,74.0,72.0,74.0,74.0,72.0,64.0
03/05/2025-11:15:32,75.0,74.0,77.0,75.0,76.0,74.0,72.0,74.0,72.0,74.0,74.0,72.0,65.0
03/05/2025-11:16:04,75.0,74.0,77.0,75.0,75.0,74.0,72.0,74.0,72.0,74.0,74.0,72.0,65.0
03/05/2025-11:16:34,75.0,74.0,77.0,75.0,75.0,74.0,72.0,74.0,72.0,74.0,74.0,72.0,65.0
03/05/2025-11:17:02,75.0,74.0,77.0,75.0,75.0,74.0,72.0,74.0,72.0,74.0,74.0,72.0,65.0
03/05/2025-11:17:32,75.0,74.0,77.0,75.0,75.0,74.0,72.0,74.0,72.0,74.0,74.0,72.0,65.0
03/05/2025-11:18:02,75.0,74.0,77.0,75.0,76.0,74.0,72.0,74.0,72.0,74.0,74.0,72.0,65.0
03/05/2025-11:18:33,75.0,74.0,77.0,75.0,76.0,74.0,72.0,74.0,72.0,74.0,74.0,72.0,65.0
03/05/2025-11:19:02,75.0,74.0,77.0,75.0,76.0,74.0,72.0,74.0,72.0,74.0,74.0,72.0,65.0
03/05/2025-11:19:45,75.0,74.0,77.0,75.0,76.0,74.0,72.0,74.0,72.0,74.0,74.0,72.0,65.0
03/05/2025-11:20:04,75.0,73.0,77.0,75.0,76.0,74.0,72.0,74.0,72.0,74.0,74.0,72.0,65.0
03/05/2025-11:20:34,75.0,73.0,77.0,75.0,76.0,74.0,72.0,74.0,72.0,74.0,74.0,72.0,65.0
03/05/2025-11:21:06,75.0,74.0,77.0,75.0,76.0,74.0,72.0,74.0,72.0,74.0,74.0,72.0,65.0
03/05/2025-11:21:36,75.0,74.0,77.0,75.0,76.0,74.0,72.0,74.0,72.0,74.0,74.0,72.0,65.0
03/05/2025-11:22:03,75.0,74.0,77.0,75.0,76.0,74.0,72.0,74.0,72.0,74.0,74.0,72.0,65.0
03/05/2025-11:22:36,75.0,74.0,77.0,75.0,76.0,74.0,72.0,74.0,72.0,74.0,74.0,72.0,65.0
03/05/2025-11:23:02,75.0,73.0,77.0,75.0,76.0,74.0,72.0,74.0,72.0,74.0,74.0,72.0,65.0
03/05/2025-11:23:39,75.0,73.0,77.0,75.0,76.0,74.0,72.0,74.0,72.0,74.0,74.0,72.0,65.0
03/05/2025-11:24:02,75.0,73.0,77.0,75.0,76.0,74.0,72.0,74.0,72.0,74.0,74.0,72.0,65.0
03/05/2025-11:24:33,75.0,73.0,77.0,75.0,76.0,74.0,72.0,74.0,72.0,74.0,74.0,72.0,66.0
03/05/2025-11:25:02,75.0,74.0,77.0,75.0,75.0,74.0,72.0,74.0,72.0,74.0,74.0,72.0,66.0
03/05/2025-11:25:32,75.0,74.0,77.0,75.0,75.0,74.0,72.0,74.0,72.0,74.0,74.0,72.0,66.0
03/05/2025-11:26:02,75.0,74.0,77.0,75.0,76.0,74.0,72.0,74.0,72.0,74.0,74.0,72.0,66.0
03/05/2025-11:26:35,75.0,74.0,77.0,75.0,76.0,74.0,72.0,74.0,72.0,74.0,74.0,72.0,66.0
03/05/2025-11:27:09,75.0,74.0,77.0,75.0,76.0,74.0,72.0,74.0,72.0,74.0,74.0,72.0,66.0
03/05/2025-11:27:32,75.0,74.0,77.0,75.0,76.0,74.0,72.0,74.0,72.0,74.0,74.0,72.0,66.0
03/05/2025-11:28:04,75.0,74.0,77.0,75.0,76.0,74.0,72.0,74.0,72.0,74.0,74.0,72.0,66.0
03/05/2025-11:28:37,75.0,74.0,77.0,75.0,76.0,74.0,72.0,74.0,72.0,74.0,74.0,72.0,66.0
03/05/2025-11:29:02,75.0,74.0,77.0,75.0,76.0,74.0,72.0,74.0,72.0,74.0,74.0,72.0,66.0
03/05/2025-11:29:32,75.0,74.0,77.0,75.0,76.0,74.0,72.0,74.0,72.0,74.0,74.0,72.0,66.0
03/05/2025-11:30:07,75.0,74.0,77.0,75.0,76.0,74.0,72.0,74.0,72.0,74.0,74.0,72.0,66.0
03/05/2025-11:30:44,75.0,74.0,77.0,75.0,76.0,74.0,72.0,74.0,72.0,74.0,74.0,72.0,66.0
03/05/2025-11:31:03,75.0,74.0,77.0,75.0,76.0,74.0,72.0,74.0,72.0,74.0,74.0,72.0,66.0
03/05/2025-11:31:32,75.0,74.0,77.0,75.0,76.0,74.0,72.0,74.0,72.0,74.0,74.0,72.0,66.0
03/05/2025-11:32:02,75.0,74.0,77.0,75.0,76.0,74.0,72.0,74.0,72.0,74.0,74.0,72.0,66.0
03/05/2025-11:32:32,75.0,74.0,77.0,75.0,76.0,74.0,72.0,74.0,72.0,74.0,74.0,72.0,66.0
03/05/2025-11:33:02,75.0,74.0,77.0,75.0,76.0,74.0,72.0,74.0,72.0,74.0,74.0,72.0,66.0
03/05/2025-11:33:32,75.0,74.0,77.0,75.0,76.0,74.0,72.0,74.0,72.0,74.0,74.0,72.0,66.0
03/05/2025-11:34:02,75.0,74.0,77.0,75.0,76.0,74.0,72.0,74.0,72.0,74.0,74.0,72.0,66.0
03/05/2025-11:34:33,75.0,74.0,77.0,75.0,76.0,74.0,72.0,74.0,72.0,74.0,74.0,72.0,66.0
03/05/2025-11:35:11,75.0,74.0,77.0,75.0,76.0,74.0,72.0,74.0,72.0,74.0,74.0,72.0,66.0
03/05/2025-11:35:36,75.0,74.0,77.0,75.0,76.0,74.0,72.0,74.0,72.0,74.0,74.0,72.0,67.0
03/05/2025-11:36:06,75.0,74.0,77.0,75.0,76.0,74.0,72.0,74.0,72.0,74.0,75.0,72.0,67.0
03/05/2025-11:36:32,75.0,74.0,77.0,75.0,76.0,74.0,72.0,74.0,72.0,74.0,75.0,72.0,67.0
03/05/2025-11:37:02,75.0,74.0,77.0,75.0,76.0,74.0,72.0,74.0,72.0,74.0,74.0,72.0,67.0
03/05/2025-11:37:32,75.0,74.0,77.0,75.0,76.0,74.0,72.0,74.0,72.0,74.0,74.0,72.0,67.0
03/05/2025-11:38:02,75.0,74.0,77.0,75.0,76.0,74.0,72.0,74.0,72.0,74.0,74.0,72.0,67.0
03/05/2025-11:38:34,75.0,74.0,77.0,75.0,76.0,74.0,72.0,74.0,72.0,74.0,74.0,72.0,67.0
03/05/2025-11:39:03,75.0,74.0,77.0,75.0,76.0,74.0,72.0,74.0,72.0,74.0,74.0,72.0,67.0
03/05/2025-11:39:32,75.0,73.0,77.0,75.0,76.0,74.0,72.0,74.0,72.0,74.0,74.0,72.0,67.0
03/05/2025-11:40:04,75.0,73.0,77.0,75.0,76.0,74.0,72.0,74.0,72.0,74.0,74.0,72.0,67.0
03/05/2025-11:40:34,75.0,74.0,77.0,75.0,76.0,74.0,72.0,74.0,72.0,74.0,74.0,72.0,67.0
03/05/2025-11:41:02,75.0,74.0,77.0,75.0,76.0,74.0,72.0,74.0,72.0,74.0,74.0,72.0,67.0
03/05/2025-11:41:38,75.0,74.0,77.0,75.0,76.0,74.0,72.0,74.0,72.0,74.0,74.0,72.0,67.0
03/05/2025-11:42:06,75.0,74.0,77.0,75.0,76.0,74.0,72.0,74.0,72.0,74.0,74.0,72.0,67.0
03/05/2025-11:42:32,75.0,74.0,77.0,75.0,76.0,74.0,72.0,74.0,72.0,74.0,74.0,72.0,67.0
03/05/2025-11:43:02,75.0,74.0,77.0,75.0,76.0,74.0,72.0,74.0,72.0,74.0,74.0,72.0,67.0
03/05/2025-11:43:32,75.0,74.0,77.0,75.0,76.0,74.0,72.0,74.0,72.0,74.0,74.0,72.0,67.0
03/05/2025-11:44:02,75.0,74.0,77.0,75.0,76.0,74.0,72.0,74.0,72.0,74.0,74.0,72.0,67.0
03/05/2025-11:44:37,75.0,74.0,77.0,75.0,76.0,74.0,72.0,74.0,72.0,74.0,74.0,72.0,67.0
03/05/2025-11:45:05,75.0,74.0,77.0,75.0,76.0,74.0,72.0,74.0,72.0,74.0,74.0,72.0,67.0
03/05/2025-11:45:32,75.0,74.0,77.0,75.0,76.0,74.0,72.0,74.0,72.0,74.0,74.0,72.0,67.0
03/05/2025-11:46:02,75.0,74.0,77.0,75.0,76.0,74.0,72.0,74.0,72.0,74.0,74.0,72.0,67.0
03/05/2025-11:46:32,75.0,74.0,77.0,75.0,76.0,74.0,72.0,74.0,72.0,74.0,74.0,72.0,67.0
03/05/2025-11:47:02,75.0,74.0,77.0,75.0,76.0,74.0,72.0,74.0,72.0,74.0,74.0,72.0,67.0
03/05/2025-11:47:32,75.0,74.0,77.0,75.0,76.0,74.0,72.0,74.0,72.0,74.0,74.0,72.0,67.0
03/05/2025-11:48:05,75.0,74.0,77.0,75.0,76.0,74.0,72.0,74.0,72.0,74.0,74.0,72.0,67.0
03/05/2025-11:48:33,75.0,74.0,77.0,75.0,76.0,74.0,72.0,74.0,72.0,74.0,74.0,72.0,67.0
03/05/2025-11:49:08,75.0,74.0,77.0,75.0,76.0,74.0,72.0,74.0,72.0,74.0,74.0,72.0,68.0
03/05/2025-11:49:37,75.0,74.0,77.0,75.0,76.0,74.0,72.0,74.0,72.0,74.0,74.0,72.0,68.0
03/05/2025-11:50:05,75.0,74.0,77.0,75.0,76.0,74.0,72.0,74.0,72.0,74.0,74.0,72.0,68.0
03/05/2025-11:50:32,75.0,74.0,77.0,75.0,76.0,74.0,72.0,74.0,72.0,74.0,74.0,72.0,68.0
03/05/2025-11:51:06,75.0,74.0,77.0,75.0,76.0,74.0,72.0,74.0,72.0,74.0,74.0,72.0,68.0
03/05/2025-11:51:32,75.0,74.0,77.0,75.0,76.0,74.0,72.0,74.0,72.0,74.0,74.0,72.0,68.0
03/05/2025-11:52:04,75.0,74.0,77.0,75.0,76.0,74.0,72.0,74.0,72.0,74.0,74.0,72.0,68.0
03/05/2025-11:52:32,75.0,74.0,77.0,75.0,76.0,74.0,72.0,74.0,72.0,74.0,74.0,72.0,68.0
03/05/2025-11:53:04,75.0,74.0,77.0,75.0,76.0,74.0,72.0,74.0,72.0,74.0,74.0,72.0,68.0
03/05/2025-11:53:35,75.0,74.0,77.0,75.0,76.0,74.0,72.0,74.0,72.0,74.0,74.0,72.0,68.0
03/05/2025-11:54:11,75.0,74.0,77.0,75.0,76.0,74.0,72.0,74.0,72.0,74.0,74.0,72.0,68.0
03/05/2025-11:54:32,75.0,75.0,77.0,75.0,76.0,74.0,72.0,74.0,72.0,74.0,75.0,72.0,68.0
03/05/2025-11:55:05,75.0,75.0,77.0,75.0,76.0,74.0,72.0,74.0,72.0,74.0,74.0,72.0,68.0
03/05/2025-11:55:32,75.0,75.0,77.0,75.0,76.0,74.0,72.0,74.0,72.0,74.0,74.0,72.0,68.0
03/05/2025-11:56:02,75.0,75.0,77.0,75.0,76.0,74.0,72.0,74.0,72.0,74.0,74.0,72.0,68.0
03/05/2025-11:56:32,75.0,74.0,77.0,75.0,76.0,74.0,72.0,74.0,72.0,74.0,74.0,72.0,68.0
03/05/2025-11:57:02,75.0,74.0,77.0,75.0,76.0,74.0,72.0,74.0,72.0,74.0,74.0,72.0,68.0
03/05/2025-11:57:36,75.0,74.0,77.0,75.0,76.0,74.0,72.0,74.0,72.0,74.0,74.0,72.0,68.0
03/05/2025-11:58:09,75.0,74.0,77.0,75.0,76.0,74.0,72.0,74.0,72.0,74.0,74.0,72.0,68.0
03/05/2025-11:58:32,75.0,74.0,77.0,75.0,76.0,74.0,72.0,74.0,72.0,74.0,74.0,72.0,68.0
03/05/2025-11:59:09,75.0,74.0,77.0,75.0,76.0,74.0,72.0,74.0,72.0,74.0,74.0,72.0,68.0
03/05/2025-11:59:32,75.0,74.0,77.0,75.0,76.0,74.0,72.0,74.0,72.0,74.0,74.0,72.0,68.0
03/05/2025-12:00:05,75.0,74.0,77.0,75.0,76.0,74.0,72.0,74.0,72.0,74.0,74.0,72.0,68.0
03/05/2025-12:00:33,75.0,74.0,77.0,75.0,76.0,74.0,72.0,74.0,72.0,74.0,74.0,72.0,68.0
03/05/2025-12:01:02,75.0,74.0,77.0,75.0,76.0,74.0,72.0,73.0,72.0,74.0,74.0,72.0,68.0
03/05/2025-12:01:32,75.0,74.0,77.0,75.0,76.0,74.0,72.0,73.0,72.0,74.0,74.0,72.0,68.0
03/05/2025-12:02:02,75.0,74.0,77.0,75.0,76.0,74.0,72.0,74.0,72.0,74.0,74.0,72.0,68.0
03/05/2025-12:02:32,75.0,74.0,77.0,75.0,76.0,74.0,72.0,74.0,72.0,74.0,74.0,72.0,68.0
03/05/2025-12:03:02,75.0,74.0,77.0,75.0,76.0,74.0,72.0,74.0,72.0,74.0,74.0,72.0,68.0
03/05/2025-12:03:32,75.0,74.0,77.0,75.0,76.0,74.0,72.0,74.0,72.0,74.0,74.0,72.0,68.0
03/05/2025-12:04:02,75.0,74.0,77.0,75.0,76.0,74.0,72.0,74.0,72.0,74.0,74.0,72.0,68.0
03/05/2025-12:04:32,75.0,74.0,77.0,75.0,76.0,74.0,72.0,74.0,72.0,74.0,74.0,72.0,68.0
03/05/2025-12:05:02,75.0,74.0,77.0,75.0,76.0,74.0,72.0,74.0,72.0,74.0,74.0,72.0,68.0
03/05/2025-12:05:32,75.0,74.0,77.0,75.0,76.0,74.0,72.0,74.0,72.0,74.0,74.0,72.0,68.0
03/05/2025-12:06:02,75.0,74.0,77.0,75.0,76.0,74.0,72.0,74.0,72.0,74.0,74.0,72.0,68.0
03/05/2025-12:06:32,75.0,74.0,77.0,75.0,76.0,74.0,72.0,74.0,72.0,74.0,74.0,72.0,68.0
03/05/2025-12:07:02,75.0,74.0,77.0,75.0,76.0,74.0,72.0,74.0,72.0,74.0,74.0,72.0,68.0
03/05/2025-12:07:32,75.0,74.0,77.0,75.0,76.0,74.0,72.0,74.0,72.0,74.0,74.0,72.0,68.0
03/05/2025-12:08:03,75.0,74.0,77.0,75.0,76.0,74.0,72.0,74.0,72.0,74.0,74.0,72.0,69.0
03/05/2025-12:08:32,75.0,74.0,77.0,75.0,76.0,74.0,72.0,74.0,72.0,74.0,75.0,72.0,69.0
03/05/2025-12:09:02,75.0,74.0,77.0,75.0,76.0,74.0,72.0,74.0,72.0,74.0,75.0,72.0,69.0
03/05/2025-12:09:32,75.0,74.0,77.0,75.0,76.0,74.0,72.0,74.0,72.0,74.0,74.0,72.0,69.0
03/05/2025-12:10:02,75.0,74.0,77.0,75.0,76.0,74.0,72.0,74.0,72.0,74.0,74.0,72.0,69.0
03/05/2025-12:10:32,75.0,74.0,77.0,75.0,76.0,74.0,72.0,74.0,72.0,74.0,74.0,72.0,69.0
03/05/2025-12:11:02,75.0,74.0,77.0,75.0,76.0,74.0,72.0,74.0,72.0,74.0,74.0,72.0,69.0
03/05/2025-12:11:32,75.0,74.0,77.0,75.0,76.0,74.0,72.0,74.0,72.0,74.0,74.0,72.0,69.0
03/05/2025-12:12:04,75.0,74.0,77.0,75.0,76.0,74.0,72.0,74.0,72.0,74.0,74.0,72.0,69.0
03/05/2025-12:12:32,75.0,74.0,77.0,75.0,76.0,74.0,72.0,74.0,72.0,74.0,74.0,72.0,69.0
03/05/2025-12:13:02,75.0,74.0,77.0,75.0,76.0,74.0,72.0,74.0,72.0,74.0,74.0,72.0,69.0
03/05/2025-12:13:32,75.0,74.0,77.0,75.0,76.0,74.0,72.0,74.0,72.0,74.0,75.0,72.0,69.0
03/05/2025-12:14:02,75.0,74.0,77.0,75.0,76.0,74.0,72.0,74.0,72.0,74.0,75.0,72.0,69.0
03/05/2025-12:14:32,75.0,74.0,77.0,75.0,76.0,74.0,72.0,74.0,72.0,74.0,75.0,72.0,69.0
03/05/2025-12:15:02,75.0,74.0,77.0,75.0,76.0,74.0,72.0,74.0,72.0,74.0,75.0,72.0,69.0
03/05/2025-12:15:32,75.0,74.0,77.0,75.0,76.0,74.0,72.0,74.0,72.0,74.0,74.0,72.0,69.0
03/05/2025-12:16:05,75.0,74.0,77.0,75.0,76.0,74.0,72.0,74.0,72.0,74.0,74.0,72.0,69.0
03/05/2025-12:16:32,75.0,74.0,77.0,75.0,76.0,74.0,72.0,74.0,72.0,74.0,75.0,72.0,69.0
03/05/2025-12:17:02,75.0,74.0,77.0,75.0,76.0,74.0,72.0,74.0,72.0,74.0,75.0,72.0,69.0
03/05/2025-12:17:32,75.0,74.0,77.0,75.0,76.0,74.0,72.0,74.0,72.0,74.0,75.0,72.0,69.0
03/05/2025-12:18:02,75.0,74.0,77.0,75.0,76.0,74.0,72.0,74.0,72.0,74.0,75.0,72.0,69.0
03/05/2025-12:18:32,75.0,74.0,77.0,75.0,76.0,74.0,72.0,74.0,72.0,74.0,75.0,72.0,69.0
03/05/2025-12:19:02,75.0,74.0,77.0,75.0,76.0,74.0,72.0,74.0,72.0,74.0,75.0,72.0,69.0
03/05/2025-12:19:32,75.0,74.0,77.0,75.0,76.0,74.0,72.0,74.0,72.0,74.0,74.0,72.0,69.0
03/05/2025-12:20:02,75.0,73.0,77.0,75.0,76.0,74.0,72.0,74.0,72.0,74.0,74.0,72.0,69.0
03/05/2025-12:20:32,75.0,73.0,77.0,75.0,76.0,74.0,72.0,74.0,72.0,74.0,74.0,72.0,69.0
03/05/2025-12:21:02,75.0,74.0,77.0,75.0,76.0,74.0,72.0,74.0,72.0,74.0,74.0,72.0,69.0
03/05/2025-12:21:32,75.0,74.0,77.0,75.0,76.0,74.0,72.0,74.0,72.0,74.0,74.0,72.0,69.0
03/05/2025-12:22:02,75.0,74.0,77.0,75.0,76.0,74.0,72.0,74.0,72.0,74.0,74.0,72.0,69.0
03/05/2025-12:22:32,75.0,74.0,77.0,75.0,76.0,74.0,72.0,74.0,72.0,74.0,74.0,72.0,69.0
03/05/2025-12:23:02,75.0,74.0,77.0,75.0,76.0,74.0,72.0,74.0,72.0,74.0,74.0,72.0,69.0
03/05/2025-12:23:32,75.0,74.0,77.0,75.0,76.0,74.0,72.0,74.0,72.0,74.0,74.0,72.0,70.0
03/05/2025-12:24:02,75.0,74.0,77.0,75.0,76.0,74.0,72.0,74.0,72.0,74.0,74.0,72.0,70.0
03/05/2025-12:24:32,75.0,74.0,77.0,75.0,76.0,74.0,72.0,74.0,72.0,74.0,74.0,72.0,70.0
03/05/2025-12:25:02,75.0,74.0,77.0,75.0,76.0,74.0,72.0,74.0,72.0,74.0,74.0,72.0,70.0
03/05/2025-12:25:32,75.0,74.0,77.0,75.0,76.0,74.0,72.0,74.0,72.0,74.0,74.0,72.0,70.0
03/05/2025-12:26:02,75.0,74.0,77.0,75.0,76.0,74.0,72.0,74.0,72.0,74.0,74.0,72.0,70.0
03/05/2025-12:26:32,75.0,74.0,77.0,75.0,76.0,74.0,72.0,74.0,72.0,74.0,74.0,72.0,70.0
03/05/2025-12:27:02,75.0,74.0,77.0,75.0,76.0,74.0,72.0,74.0,72.0,74.0,74.0,72.0,70.0
03/05/2025-12:27:32,75.0,74.0,77.0,75.0,76.0,74.0,72.0,74.0,72.0,74.0,74.0,72.0,70.0
03/05/2025-12:28:03,75.0,74.0,77.0,75.0,76.0,74.0,72.0,74.0,72.0,74.0,74.0,72.0,70.0
03/05/2025-12:28:32,75.0,74.0,77.0,75.0,76.0,74.0,72.0,74.0,72.0,74.0,74.0,72.0,70.0
03/05/2025-12:29:05,75.0,74.0,77.0,75.0,76.0,74.0,72.0,74.0,72.0,74.0,74.0,72.0,70.0
03/05/2025-12:29:32,75.0,74.0,77.0,75.0,76.0,74.0,72.0,74.0,72.0,74.0,74.0,72.0,69.0
03/05/2025-12:30:02,75.0,74.0,77.0,75.0,76.0,74.0,72.0,74.0,72.0,74.0,74.0,72.0,69.0
03/05/2025-12:30:32,75.0,74.0,77.0,75.0,76.0,74.0,72.0,74.0,72.0,74.0,74.0,72.0,69.0
03/05/2025-12:31:02,75.0,74.0,77.0,75.0,76.0,74.0,72.0,74.0,72.0,74.0,74.0,72.0,69.0
03/05/2025-12:31:32,75.0,74.0,77.0,75.0,76.0,74.0,72.0,74.0,72.0,74.0,74.0,72.0,69.0
03/05/2025-12:32:02,75.0,74.0,77.0,75.0,76.0,74.0,72.0,74.0,72.0,74.0,74.0,72.0,69.0
03/05/2025-12:32:32,75.0,74.0,77.0,75.0,76.0,74.0,72.0,74.0,72.0,74.0,74.0,72.0,69.0
03/05/2025-12:33:02,75.0,74.0,77.0,75.0,76.0,74.0,72.0,74.0,72.0,74.0,74.0,72.0,69.0
03/05/2025-12:33:32,75.0,74.0,77.0,75.0,76.0,74.0,72.0,74.0,72.0,74.0,74.0,72.0,69.0
03/05/2025-12:34:02,75.0,74.0,77.0,75.0,77.0,74.0,72.0,74.0,72.0,74.0,74.0,72.0,69.0
03/05/2025-12:34:32,75.0,74.0,77.0,75.0,77.0,74.0,72.0,74.0,72.0,74.0,74.0,72.0,70.0
03/05/2025-12:35:02,75.0,74.0,77.0,75.0,76.0,74.0,72.0,74.0,72.0,74.0,74.0,72.0,70.0
03/05/2025-12:35:32,75.0,74.0,77.0,75.0,76.0,74.0,72.0,74.0,72.0,74.0,74.0,72.0,70.0
03/05/2025-12:36:02,75.0,74.0,77.0,75.0,76.0,74.0,72.0,74.0,72.0,74.0,74.0,72.0,70.0
03/05/2025-12:36:32,75.0,74.0,77.0,75.0,76.0,74.0,72.0,74.0,72.0,74.0,74.0,72.0,70.0
03/05/2025-12:37:02,75.0,74.0,77.0,75.0,76.0,74.0,72.0,74.0,72.0,74.0,74.0,72.0,70.0
03/05/2025-12:37:32,75.0,74.0,77.0,75.0,76.0,74.0,72.0,74.0,72.0,74.0,74.0,72.0,70.0
03/05/2025-12:38:02,75.0,74.0,77.0,75.0,76.0,74.0,72.0,74.0,72.0,74.0,74.0,72.0,70.0
03/05/2025-12:38:32,75.0,74.0,77.0,75.0,76.0,74.0,72.0,74.0,72.0,74.0,74.0,72.0,70.0
03/05/2025-12:39:02,75.0,74.0,77.0,75.0,76.0,74.0,72.0,74.0,72.0,74.0,74.0,72.0,70.0
03/05/2025-12:39:32,75.0,74.0,77.0,75.0,76.0,74.0,72.0,74.0,72.0,74.0,74.0,72.0,70.0
03/05/2025-12:40:02,75.0,74.0,77.0,75.0,76.0,74.0,72.0,74.0,72.0,74.0,74.0,72.0,70.0
03/05/2025-12:40:34,75.0,74.0,77.0,75.0,76.0,74.0,72.0,74.0,72.0,74.0,74.0,72.0,70.0
03/05/2025-12:41:02,75.0,75.0,77.0,75.0,76.0,74.0,72.0,74.0,72.0,74.0,75.0,72.0,70.0
03/05/2025-12:41:32,75.0,75.0,77.0,75.0,76.0,74.0,72.0,74.0,72.0,74.0,75.0,72.0,70.0
03/05/2025-12:42:02,75.0,74.0,77.0,75.0,76.0,74.0,72.0,74.0,72.0,74.0,75.0,72.0,70.0
03/05/2025-12:42:32,75.0,74.0,77.0,75.0,76.0,74.0,72.0,74.0,72.0,74.0,75.0,72.0,70.0
03/05/2025-12:43:02,75.0,74.0,77.0,75.0,76.0,74.0,72.0,74.0,72.0,74.0,75.0,72.0,70.0
03/05/2025-12:43:32,75.0,74.0,77.0,75.0,76.0,74.0,72.0,74.0,72.0,74.0,75.0,72.0,70.0
03/05/2025-12:44:02,75.0,74.0,77.0,75.0,76.0,74.0,72.0,74.0,72.0,74.0,75.0,72.0,70.0
03/05/2025-12:44:32,75.0,74.0,77.0,75.0,76.0,74.0,72.0,74.0,72.0,74.0,75.0,72.0,70.0
03/05/2025-12:45:02,75.0,74.0,77.0,75.0,76.0,74.0,72.0,74.0,72.0,74.0,75.0,72.0,70.0
03/05/2025-12:45:32,75.0,74.0,77.0,75.0,76.0,74.0,72.0,74.0,72.0,74.0,75.0,72.0,70.0
03/05/2025-12:46:02,75.0,74.0,77.0,75.0,76.0,74.0,72.0,74.0,72.0,74.0,75.0,72.0,70.0
03/05/2025-12:46:32,75.0,74.0,77.0,75.0,76.0,74.0,72.0,74.0,72.0,74.0,75.0,72.0,70.0
03/05/2025-12:47:02,75.0,74.0,77.0,75.0,76.0,74.0,72.0,74.0,72.0,74.0,75.0,72.0,70.0
03/05/2025-12:47:32,75.0,74.0,77.0,75.0,76.0,74.0,72.0,74.0,72.0,74.0,75.0,72.0,70.0
03/05/2025-12:48:02,75.0,74.0,77.0,75.0,76.0,74.0,72.0,74.0,72.0,74.0,75.0,72.0,70.0
03/05/2025-12:48:34,75.0,74.0,77.0,75.0,76.0,74.0,72.0,74.0,72.0,74.0,75.0,72.0,70.0
03/05/2025-12:49:02,75.0,74.0,77.0,75.0,76.0,74.0,72.0,74.0,72.0,74.0,74.0,72.0,70.0
03/05/2025-12:49:33,75.0,74.0,77.0,75.0,76.0,74.0,72.0,74.0,72.0,74.0,74.0,72.0,70.0
03/05/2025-12:50:02,75.0,74.0,77.0,75.0,76.0,74.0,72.0,74.0,72.0,74.0,74.0,72.0,70.0
03/05/2025-12:50:32,75.0,74.0,77.0,75.0,76.0,74.0,72.0,74.0,72.0,74.0,74.0,72.0,70.0
03/05/2025-12:51:04,75.0,74.0,77.0,75.0,76.0,74.0,72.0,74.0,72.0,74.0,74.0,72.0,70.0
03/05/2025-12:51:32,75.0,74.0,77.0,75.0,76.0,74.0,72.0,74.0,72.0,74.0,74.0,72.0,70.0
03/05/2025-12:52:02,75.0,74.0,77.0,75.0,76.0,74.0,72.0,74.0,72.0,74.0,75.0,72.0,70.0
03/05/2025-12:52:32,75.0,74.0,77.0,75.0,76.0,74.0,72.0,74.0,72.0,74.0,75.0,72.0,70.0
03/05/2025-12:53:02,75.0,74.0,77.0,75.0,76.0,74.0,72.0,74.0,72.0,74.0,75.0,72.0,70.0
03/05/2025-12:53:33,75.0,74.0,77.0,75.0,76.0,74.0,72.0,75.0,72.0,74.0,75.0,72.0,70.0
03/05/2025-12:54:02,75.0,74.0,77.0,75.0,76.0,74.0,72.0,75.0,72.0,74.0,75.0,72.0,70.0
03/05/2025-12:54:32,75.0,74.0,77.0,75.0,76.0,74.0,72.0,75.0,72.0,74.0,75.0,72.0,70.0
03/05/2025-12:55:02,75.0,74.0,77.0,75.0,76.0,74.0,72.0,75.0,72.0,74.0,75.0,72.0,70.0
03/05/2025-12:55:35,75.0,74.0,77.0,75.0,76.0,74.0,72.0,75.0,72.0,74.0,75.0,72.0,70.0
03/05/2025-12:56:02,75.0,74.0,77.0,75.0,76.0,74.0,72.0,75.0,72.0,74.0,75.0,72.0,70.0
03/05/2025-12:56:32,75.0,74.0,77.0,75.0,76.0,74.0,72.0,75.0,72.0,74.0,75.0,72.0,71.0
03/05/2025-12:57:02,75.0,74.0,77.0,75.0,76.0,74.0,72.0,75.0,72.0,74.0,75.0,72.0,71.0
03/05/2025-12:57:32,75.0,74.0,77.0,75.0,76.0,75.0,72.0,75.0,72.0,74.0,75.0,72.0,71.0
03/05/2025-12:58:02,75.0,74.0,77.0,75.0,76.0,75.0,72.0,75.0,72.0,74.0,75.0,72.0,71.0
03/05/2025-12:58:32,75.0,74.0,77.0,75.0,76.0,75.0,72.0,75.0,72.0,74.0,75.0,72.0,71.0
03/05/2025-12:59:02,75.0,74.0,77.0,75.0,76.0,75.0,72.0,75.0,72.0,74.0,75.0,72.0,71.0
03/05/2025-12:59:32,75.0,74.0,77.0,75.0,76.0,75.0,72.0,75.0,72.0,74.0,75.0,72.0,71.0
03/05/2025-13:00:02,75.0,74.0,77.0,75.0,76.0,75.0,72.0,75.0,73.0,74.0,75.0,72.0,71.0
03/05/2025-13:00:32,75.0,74.0,77.0,75.0,76.0,75.0,72.0,75.0,73.0,74.0,75.0,72.0,71.0
03/05/2025-13:01:03,75.0,74.0,77.0,75.0,76.0,75.0,72.0,75.0,72.0,74.0,75.0,72.0,71.0
03/05/2025-13:01:32,75.0,74.0,77.0,75.0,76.0,75.0,72.0,75.0,72.0,74.0,75.0,72.0,71.0
03/05/2025-13:02:06,75.0,74.0,77.0,75.0,76.0,75.0,72.0,75.0,72.0,74.0,75.0,72.0,71.0
03/05/2025-13:02:32,75.0,74.0,77.0,75.0,76.0,75.0,72.0,75.0,72.0,74.0,75.0,72.0,71.0
03/05/2025-13:03:02,75.0,74.0,77.0,75.0,76.0,75.0,72.0,75.0,72.0,74.0,75.0,72.0,71.0
03/05/2025-13:03:32,75.0,74.0,77.0,75.0,76.0,75.0,72.0,75.0,72.0,74.0,75.0,72.0,71.0
03/05/2025-13:04:02,75.0,74.0,77.0,75.0,76.0,75.0,72.0,75.0,72.0,74.0,75.0,72.0,72.0
03/05/2025-13:04:32,75.0,74.0,77.0,75.0,76.0,75.0,72.0,75.0,72.0,74.0,75.0,72.0,72.0
03/05/2025-13:05:02,75.0,74.0,77.0,75.0,76.0,75.0,72.0,75.0,72.0,74.0,75.0,72.0,72.0
03/05/2025-13:05:32,75.0,74.0,77.0,75.0,76.0,75.0,72.0,75.0,72.0,74.0,75.0,72.0,72.0
03/05/2025-13:06:02,75.0,74.0,77.0,75.0,76.0,75.0,72.0,75.0,72.0,74.0,75.0,72.0,71.0
03/05/2025-13:06:32,75.0,74.0,77.0,75.0,76.0,75.0,72.0,75.0,72.0,74.0,75.0,72.0,71.0
03/05/2025-13:07:02,75.0,74.0,77.0,75.0,76.0,75.0,72.3,75.0,73.0,74.0,75.0,72.0,72.0
03/05/2025-13:07:32,75.0,74.0,77.0,75.0,76.0,75.0,72.7,75.0,73.0,74.0,75.0,72.0,72.0
03/05/2025-13:08:02,75.0,74.0,77.0,75.0,76.0,75.0,73.0,75.0,73.0,74.0,75.0,73.0,72.0
03/05/2025-13:08:32,75.0,74.0,77.0,75.0,76.0,74.0,73.0,75.0,73.0,74.0,75.0,73.0,72.0
03/05/2025-13:09:02,75.0,74.0,77.0,75.0,76.0,74.0,73.0,75.0,72.0,74.0,75.0,73.0,72.0
03/05/2025-13:09:33,75.0,74.0,77.0,75.0,76.0,75.0,73.0,75.0,72.0,74.0,75.0,73.0,72.0
03/05/2025-13:10:02,75.0,74.0,77.0,75.0,76.0,75.0,72.7,75.0,73.0,74.0,75.0,73.0,72.0
03/05/2025-13:10:32,75.0,74.0,77.0,75.0,76.0,75.0,72.3,75.0,73.0,74.0,75.0,73.0,72.0
03/05/2025-13:11:02,75.0,74.0,77.0,75.0,76.0,75.0,72.0,75.0,72.0,74.0,75.0,72.0,72.0
03/05/2025-13:11:32,75.0,74.0,77.0,75.0,76.0,75.0,72.0,75.0,72.0,74.0,75.0,72.0,72.0
03/05/2025-13:12:02,75.0,74.0,77.0,75.0,76.0,75.0,72.0,75.0,72.0,74.0,75.0,72.0,72.0
03/05/2025-13:12:32,75.0,74.0,77.0,75.0,76.0,75.0,72.0,75.0,72.0,74.0,75.0,72.0,72.0
03/05/2025-13:13:02,75.0,74.0,77.0,75.0,76.0,75.0,72.0,75.0,72.0,74.0,75.0,72.0,72.0
03/05/2025-13:13:32,75.0,74.0,77.0,75.0,76.0,75.0,72.0,75.0,72.0,74.0,75.0,72.0,72.0
03/05/2025-13:14:02,75.0,74.0,77.0,75.0,76.0,75.0,72.0,75.0,72.0,74.0,75.0,72.0,72.0
03/05/2025-13:14:32,75.0,74.0,77.0,75.0,77.0,75.0,72.0,75.0,72.0,74.0,74.0,72.0,72.0
03/05/2025-13:15:02,75.0,74.0,77.0,75.0,77.0,75.0,72.0,75.0,72.0,74.0,74.0,72.0,72.0
03/05/2025-13:15:32,75.0,74.0,77.0,75.0,76.0,75.0,72.0,75.0,72.0,74.0,74.0,72.0,72.0
03/05/2025-13:16:02,75.0,74.0,77.0,75.0,76.0,75.0,72.3,75.0,73.0,74.0,74.0,72.0,72.0
03/05/2025-13:16:33,75.0,74.0,77.0,75.0,76.0,75.0,72.7,75.0,73.0,74.0,74.0,72.0,72.0
03/05/2025-13:17:02,75.0,74.0,77.0,75.0,76.0,75.0,73.0,75.0,73.0,74.0,74.0,73.0,72.0
03/05/2025-13:17:32,75.0,74.0,77.0,75.0,76.0,75.0,73.0,75.0,73.0,74.0,75.0,73.0,72.0
03/05/2025-13:18:02,75.0,74.0,77.0,75.0,76.0,75.0,73.0,75.0,73.0,74.0,75.0,73.0,72.0
03/05/2025-13:18:32,75.0,74.0,77.0,75.0,76.0,75.0,73.0,75.0,73.0,74.0,75.0,73.0,72.0
03/05/2025-13:19:02,75.0,74.0,77.0,75.0,76.0,75.0,73.0,75.0,73.0,74.0,75.0,73.0,72.0
03/05/2025-13:19:32,75.0,74.0,77.0,75.0,77.0,75.0,73.0,75.0,73.0,74.0,74.0,73.0,72.0
03/05/2025-13:20:02,75.0,74.0,77.0,75.0,77.0,75.0,73.0,75.0,73.0,74.0,74.0,73.0,72.0
03/05/2025-13:20:32,75.0,74.0,77.0,75.0,77.0,75.0,73.0,75.0,73.0,74.0,75.0,73.0,72.0
03/05/2025-13:21:02,75.0,74.0,78.0,75.0,77.0,75.0,73.0,75.0,73.0,74.0,75.0,73.0,72.0
03/05/2025-13:21:32,75.0,74.0,78.0,75.0,76.0,75.0,73.0,75.0,73.0,74.0,75.0,73.0,72.0
03/05/2025-13:22:03,75.0,74.0,77.0,75.0,76.0,75.0,73.0,75.0,73.0,74.0,75.0,73.0,72.0
03/05/2025-13:22:32,75.0,74.0,77.0,75.0,76.0,75.0,73.0,75.0,73.0,74.0,75.0,73.0,72.0
03/05/2025-13:23:02,75.0,74.0,77.0,75.0,76.0,75.0,73.0,75.0,73.0,74.0,75.0,73.0,72.0
03/05/2025-13:23:32,75.0,74.0,77.0,75.0,76.0,75.0,73.0,75.0,73.0,74.0,75.0,73.0,72.0
03/05/2025-13:24:02,75.0,74.0,77.0,75.0,76.0,75.0,73.0,75.0,73.0,74.0,75.0,73.0,73.0
03/05/2025-13:24:32,75.0,74.0,77.0,75.0,76.0,75.0,73.0,75.0,73.0,74.0,75.0,73.0,73.0
03/05/2025-13:25:02,75.0,74.0,77.0,75.0,76.0,75.0,73.0,76.0,73.0,74.0,75.0,73.0,73.0
03/05/2025-13:25:32,75.0,74.0,77.0,75.0,76.0,75.0,73.0,76.0,73.0,74.0,75.0,73.0,73.0
03/05/2025-13:26:02,75.0,74.0,77.0,75.0,76.0,75.0,73.0,75.0,73.0,74.0,75.0,73.0,73.0
03/05/2025-13:26:32,75.0,74.0,77.0,75.0,76.0,75.0,73.0,75.0,73.0,74.0,75.0,73.0,73.0
03/05/2025-13:27:02,75.0,74.0,77.0,75.0,76.0,75.0,73.0,76.0,73.0,74.0,75.0,73.0,73.0
03/05/2025-13:27:32,75.0,74.0,77.0,75.0,76.0,75.0,73.0,76.0,73.0,74.0,75.0,73.0,73.0
03/05/2025-13:28:02,75.0,74.0,77.0,75.0,76.0,75.0,73.0,76.0,73.0,74.0,75.0,73.0,73.0
03/05/2025-13:28:32,75.0,74.0,77.0,75.0,76.0,75.0,73.0,76.0,73.0,74.0,75.0,73.0,73.0
03/05/2025-13:29:02,75.0,74.0,77.0,75.0,76.0,75.0,73.0,76.0,73.0,74.0,75.0,73.0,73.0
03/05/2025-13:29:32,75.0,74.0,77.0,75.0,76.0,75.0,73.0,76.0,73.0,74.0,75.0,73.0,73.0
03/05/2025-13:30:02,75.0,74.0,78.0,75.0,76.0,75.0,73.0,76.0,73.0,74.0,75.0,73.0,73.0
03/05/2025-13:30:35,75.0,74.0,78.0,75.0,76.0,75.0,73.0,76.0,73.0,74.0,74.0,73.0,73.0
03/05/2025-13:31:02,75.0,74.0,78.0,75.0,76.0,75.0,73.0,76.0,73.0,74.0,74.0,73.0,73.0
03/05/2025-13:31:32,75.0,74.0,78.0,75.0,76.0,75.0,73.0,76.0,73.0,74.0,74.0,73.0,73.0
03/05/2025-13:32:02,75.0,74.0,78.0,75.0,76.0,75.0,73.0,76.0,73.0,74.0,74.0,73.0,73.0
03/05/2025-13:32:32,75.0,74.0,78.0,75.0,77.0,75.0,73.0,76.0,73.0,74.0,75.0,73.0,73.0
03/05/2025-13:33:02,75.0,74.0,78.0,75.0,77.0,75.0,73.0,76.0,73.0,74.0,75.0,73.0,73.0
03/05/2025-13:33:32,75.0,74.0,78.0,75.0,76.0,75.0,73.0,76.0,73.0,74.0,75.0,73.0,73.0
03/05/2025-13:34:02,75.0,74.0,78.0,75.0,76.0,75.0,73.0,76.0,73.0,74.0,75.0,73.0,73.0
03/05/2025-13:34:32,75.0,74.0,78.0,75.0,76.0,75.0,73.0,76.0,73.0,74.0,75.0,73.0,73.0
03/05/2025-13:35:02,75.0,74.0,78.0,75.0,76.0,75.0,73.0,76.0,73.0,74.0,75.0,73.0,73.0
03/05/2025-13:35:32,75.0,74.0,78.0,75.0,76.0,75.0,73.0,76.0,73.0,74.0,75.0,73.0,73.0
03/05/2025-13:36:02,75.0,74.0,78.0,75.0,76.0,75.0,73.0,76.0,73.0,74.0,75.0,73.0,73.0
03/05/2025-13:36:32,75.0,74.0,78.0,75.0,77.0,75.0,73.0,76.0,73.0,74.0,75.0,73.0,73.0
03/05/2025-13:37:02,75.0,74.0,78.0,75.0,77.0,75.0,73.0,76.0,73.0,74.0,75.0,73.0,73.0
03/05/2025-13:37:32,75.0,74.0,78.0,75.0,77.0,75.0,73.0,76.0,73.0,74.0,74.0,73.0,73.0
03/05/2025-13:38:02,75.0,74.0,77.0,75.0,77.0,75.0,73.0,76.0,73.0,74.0,74.0,73.0,73.0
03/05/2025-13:38:32,75.0,74.0,77.0,75.0,77.0,75.0,73.0,76.0,73.0,74.0,74.0,73.0,73.0
03/05/2025-13:39:02,75.0,74.0,78.0,75.0,77.0,75.0,73.0,76.0,73.0,74.0,74.0,73.0,73.0
03/05/2025-13:39:32,75.0,74.0,78.0,75.0,77.0,75.0,73.0,76.0,73.0,74.0,74.0,73.0,73.0
03/05/2025-13:40:02,76.0,74.0,78.0,75.0,77.0,75.0,73.0,76.0,73.0,74.0,74.0,73.0,73.0
03/05/2025-13:40:32,76.0,74.0,78.0,75.0,77.0,75.0,73.0,76.0,73.0,74.0,74.0,73.0,73.0
03/05/2025-13:41:02,76.0,74.0,78.0,75.0,77.0,75.0,73.0,76.0,73.0,74.0,75.0,73.0,73.0
03/05/2025-13:41:32,76.0,74.0,78.0,75.0,77.0,75.0,73.0,76.0,73.0,74.0,75.0,73.0,73.0
03/05/2025-13:42:02,76.0,74.0,78.0,75.0,77.0,75.0,73.0,76.0,73.0,74.0,75.0,73.0,73.0
03/05/2025-13:42:32,76.0,74.0,78.0,75.0,77.0,75.0,73.0,76.0,73.0,74.0,75.0,73.0,73.0
03/05/2025-13:43:05,75.0,74.0,78.0,75.0,77.0,75.0,73.0,76.0,73.0,74.0,75.0,73.0,73.0
03/05/2025-13:43:32,75.0,74.0,78.0,75.0,77.0,75.0,73.0,76.0,73.0,74.0,75.0,73.0,73.0
03/05/2025-13:44:02,75.0,74.0,78.0,76.0,77.0,75.0,73.0,76.0,73.0,74.0,75.0,73.0,73.0
03/05/2025-13:44:32,75.0,74.0,78.0,76.0,77.0,75.0,73.0,76.0,73.0,74.0,75.0,73.0,73.0
03/05/2025-13:45:02,75.0,74.0,78.0,75.0,77.0,75.0,73.0,76.0,73.0,74.0,75.0,73.0,73.0
03/05/2025-13:45:33,75.0,74.0,78.0,75.0,77.0,75.0,73.0,76.0,73.0,74.0,75.0,73.0,73.0
03/05/2025-13:46:02,75.0,74.0,78.0,75.0,76.0,75.0,73.0,76.0,73.0,74.0,75.0,73.0,73.0
03/05/2025-13:46:32,75.0,74.0,78.0,75.0,76.0,75.0,73.0,76.0,73.0,74.0,75.0,73.0,73.0
03/05/2025-13:47:02,75.0,74.0,78.0,75.0,77.0,75.0,73.0,76.0,73.0,74.0,75.0,73.0,73.0
03/05/2025-13:47:32,75.0,74.0,78.0,75.0,77.0,75.0,73.0,76.0,73.0,74.0,75.0,73.0,73.0
03/05/2025-13:48:03,75.0,74.0,78.0,76.0,77.0,75.0,73.0,76.0,73.0,74.0,75.0,73.0,73.0
03/05/2025-13:48:32,75.0,74.0,78.0,76.0,77.0,75.0,73.0,76.0,73.0,74.0,75.0,73.0,73.0
03/05/2025-13:49:02,75.0,74.0,78.0,76.0,77.0,75.0,73.0,76.0,73.0,74.0,75.0,73.0,73.0
03/05/2025-13:49:32,75.0,74.0,78.0,76.0,77.0,75.0,73.0,76.0,73.0,74.0,75.0,73.0,73.0
03/05/2025-13:50:02,75.0,74.0,78.0,76.0,77.0,75.0,73.0,76.0,73.0,74.0,75.0,73.0,73.0
03/05/2025-13:50:32,75.0,74.0,77.0,76.0,77.0,75.0,73.0,76.0,73.0,74.0,75.0,73.0,73.0
03/05/2025-13:51:02,75.0,74.0,77.0,75.0,77.0,75.0,73.0,76.0,73.0,74.0,75.0,73.0,73.0
03/05/2025-13:51:32,75.0,74.0,77.0,75.0,77.0,75.0,73.0,76.0,73.0,74.0,75.0,73.0,74.0
03/05/2025-13:52:02,75.0,74.0,77.0,75.0,77.0,75.0,73.0,76.0,73.0,74.0,75.0,73.0,74.0
03/05/2025-13:52:32,75.0,74.0,77.0,75.0,77.0,75.0,73.0,76.0,73.0,74.0,75.0,73.0,74.0
03/05/2025-13:53:02,75.0,74.0,77.0,75.0,76.0,75.0,73.0,76.0,73.0,74.0,75.0,73.0,74.0
03/05/2025-13:53:32,75.0,74.0,77.0,75.0,76.0,75.0,73.0,76.0,73.0,74.0,75.0,73.0,74.0
03/05/2025-13:54:02,75.0,74.0,77.0,75.0,76.0,75.0,73.0,76.0,73.0,74.0,75.0,73.0,74.0
03/05/2025-13:54:32,75.0,74.0,78.0,75.0,76.0,75.0,73.0,76.0,73.0,74.0,75.0,73.0,74.0
03/05/2025-13:55:02,75.0,74.0,78.0,76.0,77.0,75.0,73.0,76.0,73.0,74.0,75.0,73.0,74.0
03/05/2025-13:55:32,75.0,74.0,78.0,76.0,77.0,75.0,73.0,76.0,73.0,74.0,75.0,73.0,74.0
03/05/2025-13:56:02,75.0,74.0,78.0,75.0,77.0,75.0,73.0,76.0,73.0,74.0,75.0,73.0,74.0
03/05/2025-13:56:32,76.0,74.0,78.0,75.0,77.0,75.0,73.0,76.0,73.0,74.0,75.0,73.0,74.0
03/05/2025-13:57:02,76.0,74.0,78.0,76.0,77.0,75.0,73.0,76.0,73.0,74.0,75.0,73.0,74.0
03/05/2025-13:57:32,76.0,74.0,77.0,76.0,77.0,75.0,73.0,76.0,73.0,74.0,75.0,73.0,74.0
03/05/2025-13:58:03,76.0,74.0,77.0,76.0,77.0,75.0,73.0,76.0,73.0,74.0,75.0,73.0,74.0
03/05/2025-13:58:32,76.0,74.0,77.0,76.0,77.0,75.0,73.0,76.0,73.0,74.0,75.0,73.0,74.0
03/05/2025-13:59:06,76.0,74.0,77.0,75.0,77.0,75.0,73.0,76.0,73.0,74.0,75.0,73.0,74.0
03/05/2025-13:59:32,76.0,74.0,78.0,75.0,77.0,75.0,73.0,76.0,73.0,74.0,75.0,73.0,74.0
03/05/2025-14:00:02,76.0,74.0,78.0,75.0,77.0,75.0,73.0,76.0,73.0,74.0,75.0,73.0,74.0
03/05/2025-14:00:32,76.0,74.0,78.0,75.0,77.0,75.0,73.0,76.0,73.0,74.0,75.0,73.0,74.0
03/05/2025-14:01:02,76.0,74.0,78.0,75.0,77.0,75.0,73.0,76.0,73.0,74.0,75.0,73.0,74.0
03/05/2025-14:01:33,76.0,74.0,78.0,75.0,77.0,75.0,73.0,77.0,73.0,74.0,75.0,73.0,74.0
03/05/2025-14:02:02,76.0,74.0,78.0,75.0,77.0,75.0,73.0,77.0,73.0,74.0,75.0,73.0,74.0
03/05/2025-14:02:32,76.0,74.0,78.0,75.0,77.0,75.0,73.0,77.0,73.0,74.0,75.0,73.0,74.0
03/05/2025-14:03:02,76.0,74.0,78.0,76.0,77.0,75.0,73.0,77.0,73.0,74.0,75.0,73.0,74.0
03/05/2025-14:03:33,76.0,74.0,78.0,76.0,77.0,75.0,73.0,76.0,73.0,74.0,75.0,73.0,74.0
03/05/2025-14:04:02,76.0,74.0,78.0,76.0,77.0,75.0,73.0,76.0,73.0,74.0,75.0,73.0,74.0
03/05/2025-14:04:32,76.0,74.0,78.0,76.0,77.0,75.0,73.0,76.0,73.0,74.0,75.0,73.0,74.0
03/05/2025-14:05:02,76.0,74.0,78.0,76.0,77.0,75.0,73.0,76.0,73.0,74.0,75.0,73.0,74.0
03/05/2025-14:05:32,76.0,74.0,78.0,76.0,77.0,75.0,73.0,76.0,73.0,74.0,75.0,73.0,74.0
03/05/2025-14:06:02,76.0,74.0,78.0,76.0,77.0,75.0,73.0,76.0,73.0,74.0,75.0,73.0,74.0
03/05/2025-14:06:32,76.0,74.0,78.0,76.0,77.0,75.0,73.0,76.0,73.0,74.0,75.0,73.0,74.0
03/05/2025-14:07:03,76.0,74.0,78.0,76.0,77.0,75.0,73.0,76.0,73.0,74.0,75.0,73.0,74.0
03/05/2025-14:07:33,76.0,74.0,78.0,76.0,77.0,75.0,73.0,76.0,73.0,74.0,75.0,73.0,74.0
03/05/2025-14:08:02,76.0,74.0,78.0,76.0,77.0,75.0,73.0,76.0,73.0,74.0,75.0,73.0,74.0
03/05/2025-14:08:32,76.0,74.0,78.0,76.0,77.0,75.0,73.0,76.0,73.0,74.0,75.0,73.0,74.0
03/05/2025-14:09:02,76.0,74.0,78.0,76.0,77.0,75.0,73.0,76.0,73.0,74.0,75.0,73.0,74.0
03/05/2025-14:09:32,76.0,74.0,78.0,76.0,77.0,75.0,73.0,77.0,73.0,74.0,75.0,73.0,74.0
03/05/2025-14:10:02,76.0,74.0,78.0,76.0,77.0,75.0,73.0,77.0,73.0,74.0,75.0,73.0,74.0
03/05/2025-14:10:32,76.0,74.0,78.0,76.0,77.0,75.0,73.0,77.0,73.0,74.0,75.0,73.0,74.0
03/05/2025-14:11:02,76.0,74.0,78.0,76.0,77.0,75.0,73.0,77.0,73.0,74.0,75.0,73.0,74.0
03/05/2025-14:11:32,76.0,74.0,78.0,76.0,77.0,75.0,73.0,77.0,73.0,74.0,75.0,73.0,74.0
03/05/2025-14:12:02,76.0,74.0,78.0,75.0,77.0,75.0,73.0,77.0,73.0,74.0,75.0,73.0,74.0
03/05/2025-14:12:32,76.0,74.0,78.0,75.0,77.0,75.0,73.0,77.0,73.0,74.0,75.0,73.0,75.0
03/05/2025-14:13:02,76.0,74.0,78.0,75.0,77.0,75.0,73.0,77.0,73.0,74.0,75.0,73.0,75.0
03/05/2025-14:13:32,76.0,74.0,78.0,75.0,77.0,75.0,73.0,77.0,73.0,74.0,75.0,73.0,75.0
03/05/2025-14:14:02,76.0,74.0,78.0,76.0,77.0,75.0,73.0,77.0,73.0,74.0,75.0,73.0,75.0
03/05/2025-14:14:32,76.0,74.0,78.0,76.0,77.0,75.0,73.0,77.0,73.0,74.0,75.0,73.0,75.0
03/05/2025-14:15:02,76.0,74.0,78.0,76.0,77.0,75.0,73.0,77.0,73.0,74.0,75.0,73.0,75.0
03/05/2025-14:15:32,76.0,74.0,78.0,76.0,77.0,75.0,73.0,77.0,73.0,74.0,75.0,73.0,75.0
03/05/2025-14:16:02,76.0,74.0,78.0,76.0,77.0,75.0,73.0,77.0,73.0,74.0,75.0,73.0,75.0
03/05/2025-14:16:32,76.0,74.0,78.0,76.0,77.0,76.0,73.0,77.0,73.0,74.0,75.0,73.0,75.0
03/05/2025-14:17:02,76.0,74.0,78.0,76.0,77.0,76.0,73.0,77.0,73.0,74.0,75.0,73.0,75.0
03/05/2025-14:17:32,76.0,74.0,78.0,76.0,77.0,75.0,73.0,77.0,73.0,74.0,75.0,73.0,75.0
03/05/2025-14:18:02,76.0,74.0,78.0,76.0,77.0,75.0,73.0,77.0,73.0,74.0,75.0,73.0,75.0
03/05/2025-14:18:32,76.0,74.0,78.0,76.0,77.0,75.0,73.0,77.0,73.0,74.0,75.0,73.0,75.0
03/05/2025-14:19:02,76.0,74.0,78.0,76.0,77.0,75.0,73.0,77.0,73.0,74.0,75.0,73.0,75.0
03/05/2025-14:19:35,76.0,74.0,78.0,76.0,77.0,76.0,73.0,77.0,73.0,74.0,75.0,73.0,75.0
03/05/2025-14:20:02,76.0,74.0,78.0,76.0,77.0,76.0,73.0,77.0,73.0,74.0,75.0,73.0,75.0
03/05/2025-14:20:32,76.0,74.0,78.0,76.0,77.0,76.0,73.0,77.0,73.0,74.0,75.0,73.0,75.0
03/05/2025-14:21:02,76.0,74.0,78.0,76.0,77.0,76.0,73.0,77.0,73.0,74.0,75.0,73.0,75.0
03/05/2025-14:21:32,76.0,74.0,78.0,76.0,77.0,76.0,73.0,77.0,73.0,74.0,75.0,73.0,75.0
03/05/2025-14:22:02,76.0,74.0,78.0,76.0,77.0,76.0,73.0,77.0,73.0,74.0,75.0,73.0,75.0
03/05/2025-14:22:32,76.0,74.0,78.0,76.0,77.0,76.0,73.0,77.0,73.0,74.0,75.0,73.0,75.0
03/05/2025-14:23:02,76.0,74.0,78.0,76.0,77.0,76.0,73.0,77.0,73.0,74.0,75.0,73.0,75.0
03/05/2025-14:23:32,76.0,74.0,78.0,76.0,77.0,76.0,73.0,77.0,73.0,74.0,75.0,73.0,75.0
03/05/2025-14:24:02,76.0,74.0,78.0,76.0,77.0,76.0,73.0,77.0,73.0,74.0,75.0,73.0,75.0
03/05/2025-14:24:32,76.0,74.0,78.0,76.0,77.0,76.0,73.0,77.0,73.0,74.0,75.0,73.0,75.0
03/05/2025-14:25:02,76.0,74.0,78.0,76.0,77.0,76.0,73.0,77.0,73.0,74.0,75.0,73.0,75.0
03/05/2025-14:25:32,76.0,74.0,78.0,76.0,77.0,76.0,73.0,77.0,73.0,75.0,75.0,73.0,75.0
03/05/2025-14:26:02,76.0,74.0,78.0,76.0,77.0,76.0,73.0,77.0,73.0,75.0,75.0,73.0,75.0
03/05/2025-14:26:32,76.0,74.0,78.0,76.0,77.0,76.0,73.0,77.0,73.0,74.0,75.0,73.0,75.0
03/05/2025-14:27:02,76.0,74.0,78.0,76.0,77.0,76.0,73.0,77.0,73.0,74.0,75.0,73.0,75.0
03/05/2025-14:27:32,76.0,74.0,78.0,76.0,77.0,76.0,73.0,77.0,73.0,74.0,75.0,73.0,75.0
03/05/2025-14:28:02,76.0,74.0,78.0,76.0,77.0,76.0,73.0,77.0,73.0,74.0,75.0,73.0,76.0
03/05/2025-14:28:32,76.0,74.0,78.0,76.0,77.0,76.0,73.0,77.0,73.0,74.0,75.0,73.0,76.0
03/05/2025-14:29:02,76.0,74.0,78.0,76.0,77.0,76.0,73.0,77.0,73.0,74.0,75.0,73.0,76.0
03/05/2025-14:29:32,76.0,74.0,78.0,76.0,77.0,76.0,73.0,77.0,73.0,74.0,75.0,73.0,76.0
03/05/2025-14:30:02,76.0,74.0,78.0,76.0,77.0,76.0,73.0,77.0,73.0,74.0,75.0,73.0,76.0
03/05/2025-14:30:32,76.0,74.0,78.0,76.0,77.0,76.0,73.0,77.0,73.0,74.0,75.0,73.0,76.0
03/05/2025-14:31:02,76.0,74.0,78.0,76.0,77.0,76.0,73.0,77.0,73.0,74.0,75.0,73.0,76.0
03/05/2025-14:31:32,76.0,74.0,78.0,76.0,77.0,76.0,73.0,77.0,73.0,74.0,75.0,73.0,76.0
03/05/2025-14:32:04,76.0,74.0,78.0,76.0,77.0,76.0,73.0,77.0,73.0,74.0,75.0,73.0,76.0
03/05/2025-14:32:32,76.0,74.0,78.0,76.0,77.0,76.0,73.0,77.0,73.0,74.0,75.0,73.0,76.0
03/05/2025-14:33:02,76.0,74.0,78.0,76.0,77.0,76.0,73.0,77.0,73.0,74.0,75.0,73.0,75.0
03/05/2025-14:33:32,76.0,74.0,78.0,76.0,77.0,76.0,73.0,77.0,73.0,74.0,75.0,73.0,75.0
03/05/2025-14:34:02,76.0,74.0,78.0,76.0,77.0,76.0,73.0,77.0,73.0,74.0,75.0,73.0,75.0
03/05/2025-14:34:32,76.0,74.0,78.0,76.0,77.0,76.0,73.0,77.0,73.0,74.0,75.0,73.0,75.0
03/05/2025-14:35:02,76.0,74.0,78.0,76.0,77.0,76.0,73.0,77.0,73.0,74.0,75.0,73.0,75.0
03/05/2025-14:35:32,76.0,74.0,78.0,76.0,77.0,76.0,73.0,77.0,73.0,74.0,75.0,73.0,75.0
03/05/2025-14:36:02,76.0,74.0,78.0,76.0,77.0,76.0,73.0,77.0,73.0,74.0,75.0,73.0,75.0
03/05/2025-14:36:32,76.0,74.0,78.0,76.0,77.0,76.0,73.0,77.0,73.0,74.0,75.0,73.0,75.0
03/05/2025-14:37:02,76.0,74.0,78.0,76.0,77.0,76.0,73.0,77.0,73.0,74.0,75.0,73.0,75.0
03/05/2025-14:37:32,76.0,74.0,78.0,76.0,77.0,76.0,73.0,77.0,73.0,74.0,75.0,73.0,75.0
03/05/2025-14:38:02,76.0,74.0,78.0,76.0,77.0,76.0,73.0,77.0,73.0,74.0,75.0,73.0,75.0
03/05/2025-14:38:33,76.0,74.0,78.0,76.0,77.0,76.0,73.0,77.0,73.0,74.0,75.0,73.0,75.0
03/05/2025-14:39:02,76.0,74.0,78.0,76.0,77.0,76.0,73.0,77.0,73.0,74.0,75.0,73.0,75.0
03/05/2025-14:39:32,76.0,74.0,78.0,76.0,77.0,76.0,73.0,77.0,73.0,74.0,75.0,73.0,75.0
03/05/2025-14:40:02,76.0,74.0,78.0,76.0,77.0,76.0,73.0,77.0,73.0,74.0,75.0,73.0,75.0
03/05/2025-14:40:32,76.0,74.0,78.0,76.0,77.0,76.0,73.0,77.0,73.0,74.0,75.0,73.0,75.0
03/05/2025-14:41:02,76.0,74.0,78.0,76.0,77.0,76.0,73.0,77.0,73.0,74.0,75.0,73.0,75.0
03/05/2025-14:41:32,76.0,74.0,78.0,76.0,77.0,76.0,73.0,77.0,73.0,74.0,75.0,73.0,75.0
03/05/2025-14:42:02,76.0,74.0,78.0,76.0,77.0,76.0,73.0,77.0,73.0,74.0,75.0,73.0,75.0
03/05/2025-14:42:32,76.0,74.0,78.0,76.0,77.0,76.0,73.0,77.0,73.0,74.0,75.0,73.0,75.0
03/05/2025-14:43:02,76.0,74.0,78.0,76.0,77.0,76.0,73.0,77.0,73.0,74.0,75.0,73.0,75.0
03/05/2025-14:43:32,76.0,74.0,78.0,76.0,77.0,76.0,73.0,77.0,73.0,74.0,75.0,73.0,75.0
03/05/2025-14:44:02,76.0,74.0,78.0,76.0,77.0,76.0,73.0,77.0,73.0,74.0,75.0,73.0,75.0
03/05/2025-14:44:32,76.0,74.0,78.0,76.0,77.0,76.0,73.0,77.0,73.0,74.0,75.0,73.0,75.0
03/05/2025-14:45:02,76.0,74.0,78.0,76.0,77.0,76.0,73.0,77.0,73.0,74.0,75.0,73.0,75.0
03/05/2025-14:45:32,76.0,74.0,78.0,76.0,77.0,76.0,73.0,77.0,73.0,75.0,75.0,73.0,75.0
03/05/2025-14:46:02,76.0,74.0,78.0,76.0,77.0,76.0,73.0,77.0,73.0,75.0,75.0,73.0,75.0
03/05/2025-14:46:32,76.0,74.0,78.0,76.0,77.0,76.0,73.0,77.0,73.0,75.0,75.0,73.0,75.0
03/05/2025-14:47:02,76.0,74.0,78.0,76.0,77.0,76.0,73.0,77.0,73.0,75.0,75.0,73.0,75.0
03/05/2025-14:47:32,76.0,74.0,78.0,76.0,77.0,76.0,73.0,77.0,73.0,74.0,75.0,73.0,75.0
03/05/2025-14:48:02,76.0,74.0,78.0,76.0,77.0,76.0,73.0,77.0,73.0,74.0,75.0,73.0,75.0
03/05/2025-14:48:32,76.0,74.0,78.0,76.0,77.0,76.0,73.0,77.0,73.0,74.0,75.0,73.0,75.0
03/05/2025-14:49:02,76.0,74.0,78.0,76.0,77.0,76.0,73.0,77.0,73.0,74.0,75.0,73.0,75.0
03/05/2025-14:49:32,76.0,74.0,78.0,76.0,77.0,76.0,73.0,77.0,73.0,74.0,75.0,73.0,75.0
03/05/2025-14:50:02,76.0,74.0,78.0,76.0,77.0,76.0,73.0,77.0,73.0,74.0,75.0,73.0,75.0
03/05/2025-14:50:32,76.0,74.0,78.0,76.0,77.0,76.0,73.0,77.0,73.0,74.0,75.0,73.0,75.0
03/05/2025-14:51:02,76.0,74.0,78.0,76.0,77.0,76.0,73.0,78.0,73.0,74.0,75.0,73.0,75.0
03/05/2025-14:51:32,76.0,74.0,78.0,76.0,77.0,76.0,73.0,78.0,73.0,74.0,75.0,73.0,75.0
03/05/2025-14:52:02,76.0,74.0,78.0,76.0,77.0,76.0,73.0,78.0,73.0,74.0,75.0,73.0,75.0
03/05/2025-14:52:32,76.0,74.0,78.0,76.0,77.0,76.0,73.0,78.0,73.0,74.0,75.0,73.0,75.0
03/05/2025-14:53:02,76.0,74.0,78.0,76.0,77.0,76.0,73.0,78.0,73.0,74.0,75.0,73.0,75.0
03/05/2025-14:53:32,76.0,74.0,78.0,76.0,77.0,76.0,73.0,78.0,73.0,74.0,75.0,73.0,75.0
03/05/2025-14:54:02,76.0,74.0,78.0,76.0,77.0,76.0,73.0,78.0,73.0,74.0,75.0,73.0,75.0
03/05/2025-14:54:32,76.0,74.0,78.0,76.0,77.0,76.0,73.0,78.0,73.0,74.0,75.0,73.0,75.0
03/05/2025-14:55:02,76.0,74.0,78.0,76.0,77.0,76.0,73.0,78.0,73.0,74.0,75.0,73.0,75.0
03/05/2025-14:55:32,76.0,74.0,78.0,76.0,77.0,76.0,73.0,78.0,73.0,74.0,75.0,73.0,75.0
03/05/2025-14:56:02,76.0,74.0,78.0,76.0,77.0,76.0,73.0,78.0,73.0,74.0,75.0,73.0,75.0
03/05/2025-14:56:32,76.0,74.0,78.0,76.0,77.0,76.0,73.0,78.0,73.0,74.0,75.0,73.0,75.0
03/05/2025-14:57:06,76.0,74.0,78.0,76.0,77.0,76.0,73.0,78.0,73.0,74.0,75.0,73.0,75.0
03/05/2025-14:57:32,76.0,74.0,78.0,76.0,77.0,76.0,73.0,78.0,73.0,74.0,75.0,73.0,75.0
03/05/2025-14:58:02,76.0,74.0,78.0,76.0,77.0,76.0,73.0,78.0,73.0,75.0,75.0,73.0,75.0
03/05/2025-14:58:32,76.0,74.0,78.0,76.0,77.0,76.0,73.0,78.0,73.0,75.0,75.0,73.0,75.0
03/05/2025-14:59:02,76.0,74.0,78.0,76.0,77.0,76.0,73.0,78.0,73.0,74.0,75.0,73.0,75.0
03/05/2025-14:59:32,76.0,74.0,78.0,76.0,77.0,76.0,73.0,78.0,73.0,74.0,75.0,73.0,75.0
03/05/2025-15:00:02,76.0,74.0,78.0,76.0,77.0,76.0,73.0,78.0,73.0,74.0,75.0,73.0,75.0
03/05/2025-15:00:32,76.0,74.0,78.0,76.0,77.0,76.0,73.0,78.0,73.0,74.0,75.0,73.0,75.0
03/05/2025-15:01:02,76.0,74.0,78.0,76.0,77.0,76.0,73.0,78.0,73.0,74.0,75.0,73.0,75.0
03/05/2025-15:01:32,76.0,74.0,78.0,76.0,77.0,76.0,73.0,78.0,73.0,74.0,75.0,73.0,75.0
03/05/2025-15:02:02,76.0,74.0,78.0,76.0,77.0,76.0,73.0,78.0,73.0,74.0,75.0,73.0,75.0
03/05/2025-15:02:32,76.0,74.0,78.0,76.0,77.0,76.0,73.0,78.0,73.0,74.0,75.0,73.0,75.0
03/05/2025-15:03:02,76.0,74.0,78.0,76.0,77.0,76.0,73.0,78.0,73.0,74.0,75.0,73.0,75.0
03/05/2025-15:03:35,76.0,74.0,78.0,76.0,77.0,76.0,73.0,78.0,73.0,74.0,75.0,73.0,75.0
03/05/2025-15:04:02,76.0,74.0,78.0,76.0,77.0,76.0,73.0,78.0,73.0,74.0,75.0,73.0,75.0
03/05/2025-15:04:35,76.0,74.0,78.0,76.0,77.0,76.0,73.0,78.0,73.0,74.0,75.0,73.0,75.0
03/05/2025-15:05:02,76.0,74.0,78.0,76.0,77.0,76.0,73.0,78.0,73.0,74.0,75.0,73.0,75.0
03/05/2025-15:05:35,76.0,74.0,78.0,76.0,77.0,76.0,73.0,78.0,73.0,74.0,75.0,73.0,75.0
03/05/2025-15:06:07,76.0,74.0,78.0,76.0,77.0,76.0,73.0,78.0,73.0,74.0,75.0,73.0,75.0
03/05/2025-15:06:32,76.0,74.0,78.0,76.0,77.0,76.0,73.0,78.0,73.0,74.0,75.0,73.0,75.0
03/05/2025-15:07:02,76.0,74.0,78.0,76.0,77.0,76.0,73.0,78.0,73.0,75.0,75.0,73.0,75.0
03/05/2025-15:07:36,76.0,74.0,78.0,76.0,77.0,76.0,73.0,78.0,73.0,75.0,75.0,73.0,74.0
03/05/2025-15:08:05,76.0,74.0,78.0,76.0,77.0,76.0,73.0,78.0,73.0,75.0,75.0,73.0,74.0
03/05/2025-15:08:35,76.0,74.0,78.0,76.0,77.0,76.0,73.0,78.0,73.0,75.0,75.0,73.0,75.0
03/05/2025-15:09:03,76.0,74.0,78.0,76.0,77.0,76.0,73.0,78.0,73.0,74.0,75.0,73.0,75.0
03/05/2025-15:09:35,76.0,74.0,78.0,76.0,77.0,76.0,73.0,78.0,73.0,74.0,75.0,73.0,75.0
03/05/2025-15:10:02,76.0,74.0,78.0,76.0,77.0,76.0,73.0,78.0,73.0,74.0,75.0,73.0,75.0
03/05/2025-15:10:32,76.0,74.0,78.0,76.0,77.0,76.0,73.0,78.0,73.0,74.0,75.0,73.0,75.0
03/05/2025-15:11:02,76.0,74.0,78.0,76.0,77.0,76.0,73.0,78.0,73.0,74.0,75.0,73.0,75.0
03/05/2025-15:11:33,76.0,74.0,78.0,76.0,77.0,76.0,73.0,78.0,73.0,74.0,75.0,73.0,75.0
03/05/2025-15:12:02,76.0,74.0,78.0,76.0,77.0,76.0,73.0,78.0,73.0,74.0,75.0,73.0,75.0
03/05/2025-15:12:32,76.0,74.0,78.0,76.0,77.0,76.0,73.0,78.0,73.0,74.0,75.0,73.0,74.0
03/05/2025-15:13:07,76.0,74.0,78.0,76.0,77.0,76.0,73.0,78.0,73.0,75.0,75.0,73.0,74.0
03/05/2025-15:13:32,76.0,74.0,78.0,76.0,77.0,76.0,73.0,78.0,73.0,75.0,75.0,73.0,74.0
03/05/2025-15:14:02,76.0,74.0,78.0,76.0,77.0,76.0,73.0,78.0,73.0,75.0,75.0,73.0,74.0
03/05/2025-15:14:32,76.0,74.0,78.0,76.0,77.0,76.0,73.0,78.0,73.0,75.0,75.0,73.0,74.0
03/05/2025-15:15:02,76.0,74.0,78.0,76.0,77.0,76.0,73.0,78.0,73.0,75.0,75.0,73.0,74.0
03/05/2025-15:15:35,76.0,74.0,78.0,76.0,77.0,76.0,73.0,78.0,73.0,75.0,75.0,73.0,74.0
03/05/2025-15:16:02,76.0,74.0,78.0,76.0,77.0,76.0,73.0,78.0,73.0,75.0,75.0,73.0,74.0
03/05/2025-15:16:32,76.0,74.0,78.0,76.0,77.0,76.0,73.0,78.0,73.0,75.0,75.0,73.0,74.0
03/05/2025-15:17:02,76.0,74.0,78.0,76.0,77.0,76.0,73.0,78.0,73.0,74.0,75.0,73.0,74.0
03/05/2025-15:17:36,76.0,74.0,78.0,76.0,77.0,76.0,73.0,78.0,73.0,74.0,75.0,73.0,74.0
03/05/2025-15:18:02,76.0,74.0,78.0,76.0,77.0,76.0,73.0,78.0,73.0,74.0,75.0,73.0,74.0
03/05/2025-15:18:32,76.0,74.0,78.0,76.0,77.0,76.0,73.0,78.0,73.0,74.0,75.0,73.0,74.0
03/05/2025-15:19:12,76.0,74.0,78.0,76.0,77.0,76.0,73.0,78.0,73.0,75.0,75.0,73.0,74.0
03/05/2025-15:19:32,76.0,74.0,78.0,76.0,77.0,76.0,73.0,78.0,73.0,75.0,75.0,73.0,74.0
03/05/2025-15:20:03,76.0,74.0,78.0,76.0,77.0,76.0,73.0,78.0,73.0,75.0,75.0,73.0,74.0
03/05/2025-15:20:32,76.0,74.0,78.0,76.0,77.0,76.0,73.0,78.0,73.0,75.0,75.0,73.0,74.0
03/05/2025-15:21:03,76.0,74.0,78.0,76.0,77.0,76.0,73.0,78.0,73.0,75.0,75.0,73.0,74.0
03/05/2025-15:21:36,76.0,74.0,78.0,76.0,77.0,76.0,73.0,78.0,73.0,75.0,75.0,73.0,74.0
03/05/2025-15:22:12,76.0,74.0,78.0,76.0,77.0,76.0,73.0,78.0,73.0,75.0,75.0,73.0,74.0
03/05/2025-15:22:32,76.0,74.0,78.0,76.0,77.0,76.0,73.0,78.0,73.0,75.0,75.0,73.0,74.0
03/05/2025-15:23:02,76.0,74.0,78.0,76.0,77.0,76.0,73.0,78.0,73.0,75.0,75.0,73.0,74.0
03/05/2025-15:23:36,76.0,74.0,78.0,76.0,77.0,76.0,73.0,78.0,73.0,75.0,75.0,73.0,74.0
03/05/2025-15:24:02,76.0,74.0,78.0,76.0,77.0,76.0,73.0,78.0,73.0,75.0,75.0,73.0,74.0
03/05/2025-15:24:41,76.0,74.0,78.0,76.0,77.0,76.0,73.0,78.0,73.0,75.0,75.0,73.0,74.0
03/05/2025-15:25:06,76.0,74.0,78.0,76.0,77.0,76.0,73.0,78.0,73.0,75.0,75.0,73.0,74.0
03/05/2025-15:25:35,76.0,74.0,78.0,76.0,77.0,76.0,73.0,78.0,73.0,75.0,75.0,73.0,74.0
03/05/2025-15:26:02,76.0,74.0,78.0,76.0,77.0,76.0,73.0,78.0,73.0,75.0,75.0,73.0,74.0
03/05/2025-15:26:32,76.0,74.0,78.0,76.0,77.0,76.0,73.0,78.0,73.0,75.0,75.0,73.0,74.0
03/05/2025-15:27:02,76.0,74.0,78.0,76.0,77.0,76.0,73.0,78.0,73.0,75.0,75.0,73.0,74.0
03/05/2025-15:27:32,76.0,74.0,78.0,76.0,77.0,76.0,73.0,78.0,73.0,75.0,75.0,73.0,74.0
03/05/2025-15:28:03,76.0,74.0,79.0,76.0,77.0,76.0,73.0,78.0,73.0,75.0,75.0,73.0,74.0
03/05/2025-15:28:35,76.0,74.0,79.0,76.0,77.0,76.0,73.0,78.0,73.0,75.0,75.0,73.0,74.0
03/05/2025-15:29:02,76.0,74.0,79.0,76.0,77.0,76.0,73.0,78.0,73.0,75.0,75.0,73.0,74.0
03/05/2025-15:29:32,76.0,74.0,79.0,76.0,77.0,76.0,73.0,78.0,73.0,75.0,75.0,73.0,74.0
03/05/2025-15:30:05,76.0,74.0,79.0,76.0,77.0,76.0,73.0,78.0,73.0,75.0,75.0,73.0,74.0
03/05/2025-15:30:38,76.0,74.0,79.0,76.0,77.0,76.0,73.0,78.0,73.0,75.0,75.0,73.0,74.0
03/05/2025-15:31:02,76.0,74.0,79.0,76.0,77.0,76.0,73.0,78.0,73.0,75.0,75.0,73.0,74.0
03/05/2025-15:31:32,76.0,74.0,79.0,76.0,77.0,76.0,73.0,78.0,73.0,75.0,75.0,73.0,74.0
03/05/2025-15:32:02,76.0,74.0,78.0,76.0,77.0,76.0,73.0,78.0,73.0,75.0,75.0,73.0,74.0
03/05/2025-15:32:40,76.0,74.0,78.0,76.0,77.0,76.0,73.0,78.0,73.0,75.0,75.0,73.0,74.0
03/05/2025-15:33:03,76.0,74.0,78.0,76.0,77.0,76.0,73.0,78.0,73.0,75.0,75.0,73.0,74.0
03/05/2025-15:33:35,76.0,74.0,78.0,76.0,77.0,76.0,73.0,78.0,73.0,75.0,75.0,73.0,74.0
03/05/2025-15:34:02,76.0,74.0,78.0,76.0,77.0,76.0,73.0,78.0,73.0,75.0,75.0,73.0,74.0
03/05/2025-15:34:32,76.0,74.0,78.0,76.0,77.0,77.0,73.0,78.0,73.0,75.0,75.0,73.0,74.0
03/05/2025-15:35:02,76.0,74.0,78.0,76.0,77.0,77.0,73.0,78.0,73.0,75.0,75.0,73.0,74.0
03/05/2025-15:35:35,76.0,74.0,78.0,76.0,77.0,77.0,73.0,78.0,73.0,75.0,75.0,73.0,74.0
03/05/2025-15:36:02,76.0,74.0,78.0,76.0,77.0,77.0,73.0,78.0,73.0,75.0,75.0,73.0,74.0
03/05/2025-15:36:36,76.0,74.0,78.0,76.0,77.0,77.0,73.0,78.0,73.0,75.0,75.0,73.0,74.0
03/05/2025-15:37:02,76.0,74.0,78.0,76.0,77.0,77.0,73.0,78.0,73.0,75.0,75.0,73.0,74.0
03/05/2025-15:37:32,76.0,74.0,78.0,76.0,77.0,77.0,73.0,78.0,73.0,75.0,75.0,73.0,74.0
03/05/2025-15:38:04,76.0,74.0,78.0,76.0,77.0,77.0,73.0,78.0,73.0,75.0,75.0,73.0,74.0
03/05/2025-15:38:40,76.0,74.0,78.0,76.0,77.0,77.0,73.0,78.0,73.0,75.0,75.0,73.0,74.0
03/05/2025-15:39:02,76.0,74.0,78.0,76.0,77.0,77.0,73.0,78.0,73.0,75.0,75.0,73.0,74.0
03/05/2025-15:39:32,76.0,74.0,78.0,76.0,77.0,76.0,73.0,78.0,73.0,75.0,75.0,73.0,74.0
03/05/2025-15:40:04,76.0,74.0,78.0,76.0,77.0,76.0,73.0,78.0,73.0,75.0,75.0,73.0,74.0
03/05/2025-15:40:32,76.0,74.0,78.0,76.0,77.0,76.0,73.0,78.0,73.0,75.0,75.0,73.0,74.0
03/05/2025-15:41:03,76.0,74.0,79.0,76.0,77.0,76.0,73.0,78.0,73.0,75.0,75.0,73.0,74.0
03/05/2025-15:41:32,76.0,74.0,79.0,76.0,77.0,77.0,73.0,78.0,73.0,75.0,75.0,73.0,74.0
03/05/2025-15:42:02,76.0,74.0,79.0,76.0,77.0,77.0,73.0,78.0,73.0,75.0,75.0,73.0,74.0
03/05/2025-15:42:32,76.0,74.0,79.0,77.0,77.0,77.0,73.0,78.0,73.0,75.0,75.0,73.0,74.0
03/05/2025-15:43:02,76.0,74.0,79.0,77.0,77.0,77.0,73.0,78.0,73.0,75.0,75.0,73.0,74.0
03/05/2025-15:43:32,76.0,74.0,79.0,77.0,78.0,77.0,73.0,78.0,73.0,75.0,75.0,73.0,74.0
03/05/2025-15:44:06,76.0,74.0,79.0,77.0,78.0,77.0,73.0,78.0,73.0,75.0,75.0,73.0,74.0
03/05/2025-15:44:32,76.0,74.0,79.0,76.0,78.0,76.0,73.0,78.0,73.0,75.0,75.0,73.0,74.0
03/05/2025-15:45:02,76.0,74.0,79.0,76.0,78.0,76.0,73.0,78.0,73.0,75.0,75.0,73.0,74.0
03/05/2025-15:45:33,76.0,74.0,79.0,76.0,78.0,77.0,73.0,78.0,73.0,75.0,75.0,73.0,74.0
03/05/2025-15:46:02,76.0,74.0,79.0,76.0,78.0,77.0,73.0,78.0,73.0,75.0,75.0,73.0,74.0
03/05/2025-15:46:32,76.0,74.0,79.0,76.0,78.0,77.0,73.0,78.0,73.0,75.0,75.0,73.0,74.0
03/05/2025-15:47:06,76.0,74.0,79.0,76.0,78.0,77.0,73.0,78.0,73.0,75.0,75.0,73.0,74.0
03/05/2025-15:47:32,76.0,74.0,79.0,76.0,78.0,77.0,73.0,78.0,73.0,75.0,75.0,73.0,74.0
03/05/2025-15:48:02,76.0,74.0,78.0,76.0,78.0,77.0,73.0,78.0,73.0,75.0,75.0,73.0,74.0
03/05/2025-15:48:32,76.0,74.0,78.0,76.0,78.0,77.0,73.0,78.0,73.0,75.0,75.0,73.0,74.0
03/05/2025-15:49:03,76.0,74.0,79.0,76.0,78.0,77.0,73.0,78.0,73.0,75.0,75.0,73.0,74.0
03/05/2025-15:49:32,76.0,74.0,79.0,75.0,78.0,77.0,73.0,78.0,73.0,75.0,75.0,73.0,74.0
03/05/2025-15:50:03,76.0,74.0,79.0,75.0,78.0,77.0,73.0,78.0,73.0,75.0,75.0,73.0,74.0
03/05/2025-15:50:32,76.0,74.0,79.0,76.0,78.0,77.0,73.0,78.0,73.0,75.0,75.0,73.0,74.0
03/05/2025-15:51:02,76.0,74.0,78.0,76.0,78.0,77.0,73.0,78.0,73.0,75.0,75.0,73.0,74.0
03/05/2025-15:51:32,76.0,74.0,78.0,76.0,78.0,77.0,73.0,78.0,73.0,75.0,75.0,73.0,74.0
03/05/2025-15:52:02,76.0,74.0,78.0,76.0,78.0,77.0,73.0,78.0,73.0,75.0,75.0,73.0,74.0
03/05/2025-15:52:33,76.0,74.0,78.0,76.0,78.0,77.0,73.0,78.0,73.0,75.0,75.0,73.0,74.0
03/05/2025-15:53:02,76.0,74.0,78.0,76.0,78.0,77.0,73.0,78.0,73.0,75.0,75.0,73.0,74.0
03/05/2025-15:53:32,76.0,74.0,78.0,76.0,78.0,77.0,73.0,78.0,73.0,75.0,75.0,73.0,74.0
03/05/2025-15:54:03,76.0,74.0,78.0,76.0,78.0,77.0,73.0,78.0,73.0,75.0,75.0,73.0,74.0
03/05/2025-15:54:35,76.0,74.0,78.0,76.0,78.0,77.0,73.0,78.0,73.0,75.0,75.0,73.0,74.0
03/05/2025-15:55:05,76.0,74.0,78.0,76.0,78.0,77.0,73.0,78.0,73.0,75.0,75.0,73.0,74.0
03/05/2025-15:55:32,76.0,74.0,78.0,76.0,78.0,77.0,73.0,78.0,73.0,75.0,75.0,73.0,74.0
03/05/2025-15:56:02,76.0,74.0,79.0,76.0,78.0,77.0,73.0,78.0,73.0,75.0,75.0,73.0,74.0
03/05/2025-15:56:37,76.0,74.0,79.0,76.0,78.0,77.0,73.0,78.0,73.0,75.0,75.0,73.0,74.0
03/05/2025-15:57:06,76.0,74.0,79.0,76.0,78.0,77.0,73.0,78.0,73.0,75.0,75.0,73.0,74.0
03/05/2025-15:57:35,76.0,74.0,79.0,75.0,78.0,77.0,73.0,78.0,73.0,75.0,75.0,73.0,74.0
03/05/2025-15:58:02,76.0,74.0,79.0,75.0,78.0,77.0,73.0,78.0,73.0,75.0,75.0,73.0,74.0
03/05/2025-15:58:34,76.0,74.0,79.0,75.0,78.0,77.0,73.0,78.0,73.0,75.0,75.0,73.0,74.0
03/05/2025-15:59:02,76.0,74.0,79.0,75.0,78.0,77.0,73.0,78.0,73.0,75.0,75.0,73.0,74.0
03/05/2025-15:59:32,76.0,74.0,79.0,75.0,78.0,77.0,73.0,78.0,73.0,75.0,75.0,73.0,74.0
03/05/2025-16:00:02,76.0,74.0,79.0,75.0,78.0,77.0,73.0,78.0,73.0,75.0,75.0,73.0,74.0
03/05/2025-16:00:32,76.0,74.0,79.0,75.0,78.0,77.0,73.0,78.0,73.0,75.0,75.0,73.0,74.0
03/05/2025-16:01:02,76.0,74.0,79.0,75.0,78.0,77.0,73.0,78.0,73.0,75.0,75.0,73.0,74.0
03/05/2025-16:01:32,76.0,74.0,79.0,75.0,78.0,77.0,73.0,78.0,73.0,75.0,75.0,73.0,74.0
03/05/2025-16:02:02,76.0,74.0,79.0,75.0,78.0,77.0,73.0,78.0,73.0,75.0,75.0,73.0,74.0
03/05/2025-16:02:32,76.0,74.0,79.0,75.0,78.0,77.0,73.0,78.0,73.0,75.0,75.0,73.0,74.0
03/05/2025-16:03:02,76.0,74.0,79.0,75.0,78.0,77.0,73.0,78.0,73.0,75.0,75.0,73.0,74.0
03/05/2025-16:03:32,76.0,74.0,79.0,75.0,78.0,77.0,73.0,78.0,73.0,75.0,75.0,73.0,74.0
03/05/2025-16:04:02,76.0,74.0,79.0,75.0,78.0,77.0,73.0,78.0,73.0,75.0,75.0,73.0,74.0
03/05/2025-16:04:32,76.0,74.0,79.0,75.0,78.0,77.0,73.0,78.0,73.0,75.0,75.0,73.0,74.0
03/05/2025-16:05:02,76.0,74.0,79.0,75.0,78.0,77.0,73.0,78.0,73.0,75.0,75.0,73.0,74.0
03/05/2025-16:05:32,76.0,74.0,79.0,75.0,78.0,77.0,73.0,78.0,73.0,75.0,75.0,73.0,74.0
03/05/2025-16:06:02,76.0,74.0,79.0,75.0,78.0,77.0,73.0,78.0,73.0,75.0,75.0,73.0,74.0
03/05/2025-16:06:32,76.0,74.0,79.0,75.0,78.0,77.0,73.0,78.0,74.0,75.0,75.0,73.0,74.0
03/05/2025-16:07:02,76.0,74.0,79.0,75.0,78.0,77.0,73.0,78.0,74.0,75.0,75.0,73.0,74.0
03/05/2025-16:07:32,76.0,74.0,79.0,75.0,78.0,77.0,73.0,78.0,74.0,75.0,75.0,73.0,74.0
03/05/2025-16:08:02,76.0,74.0,79.0,75.0,78.0,77.0,73.0,78.0,74.0,75.0,75.0,73.0,74.0
03/05/2025-16:08:32,76.0,74.0,79.0,75.0,78.0,77.0,73.0,78.0,73.0,75.0,75.0,73.0,74.0
03/05/2025-16:09:02,76.0,74.0,79.0,75.0,78.0,77.0,73.0,78.0,73.0,75.0,75.0,73.0,74.0
03/05/2025-16:09:32,76.0,74.0,79.0,75.0,78.0,77.0,73.0,78.0,74.0,75.0,75.0,73.0,74.0
03/05/2025-16:10:03,76.0,74.0,79.0,75.0,78.0,77.0,73.0,78.0,74.0,75.0,75.0,73.0,74.0
03/05/2025-16:10:32,76.0,74.0,79.0,75.0,78.0,77.0,73.0,78.0,74.0,75.0,75.0,73.0,74.0
03/05/2025-16:11:02,76.0,74.0,79.0,75.0,78.0,77.0,73.0,78.0,74.0,75.0,75.0,73.0,74.0
03/05/2025-16:11:32,76.0,74.0,79.0,75.0,78.0,77.0,73.0,78.0,74.0,75.0,75.0,73.0,74.0
03/05/2025-16:12:04,77.0,74.0,79.0,75.0,78.0,77.0,73.0,78.0,74.0,75.0,75.0,73.0,74.0
03/05/2025-16:12:32,77.0,74.0,79.0,75.0,78.0,77.0,73.0,78.0,74.0,75.0,75.0,73.0,74.0
03/05/2025-16:13:02,76.0,74.0,79.0,76.0,78.0,77.0,73.0,78.0,74.0,75.0,75.0,73.0,74.0
03/05/2025-16:13:32,76.0,74.0,79.0,76.0,78.0,77.0,73.0,78.0,74.0,75.0,75.0,73.0,74.0
03/05/2025-16:14:02,76.0,74.0,79.0,76.0,78.0,77.0,73.0,78.0,74.0,75.0,75.0,73.0,74.0
03/05/2025-16:14:32,76.0,74.0,79.0,76.0,78.0,77.0,73.0,78.0,74.0,75.0,75.0,73.0,74.0
03/05/2025-16:15:03,76.0,74.0,79.0,76.0,78.0,77.0,73.0,78.0,74.0,75.0,75.0,73.0,74.0
03/05/2025-16:15:32,76.0,74.0,79.0,76.0,78.0,77.0,73.0,78.0,74.0,75.0,75.0,73.0,74.0
03/05/2025-16:16:02,76.0,74.0,79.0,76.0,78.0,77.0,73.0,78.0,74.0,75.0,75.0,73.0,74.0
03/05/2025-16:16:32,76.0,74.0,79.0,76.0,78.0,77.0,73.0,78.0,74.0,75.0,75.0,73.0,74.0
03/05/2025-16:17:02,76.0,74.0,79.0,75.0,78.0,77.0,73.0,78.0,74.0,75.0,75.0,73.0,74.0
03/05/2025-16:17:32,76.0,74.0,79.0,75.0,78.0,77.0,73.0,78.0,74.0,75.0,75.0,73.0,74.0
03/05/2025-16:18:02,76.0,74.0,79.0,75.0,78.0,77.0,73.0,78.0,74.0,75.0,75.0,73.0,74.0
03/05/2025-16:18:32,76.0,74.0,79.0,75.0,78.0,77.0,73.0,78.0,74.0,75.0,75.0,73.0,74.0
03/05/2025-16:19:02,76.0,74.0,79.0,75.0,78.0,77.0,73.0,78.0,74.0,75.0,75.0,73.0,74.0
03/05/2025-16:19:32,76.0,74.0,79.0,75.0,78.0,77.0,73.0,78.0,74.0,75.0,75.0,73.0,74.0
03/05/2025-16:20:02,76.0,74.0,79.0,76.0,78.0,77.0,73.0,78.0,74.0,75.0,75.0,73.0,74.0
03/05/2025-16:20:32,76.0,74.0,79.0,76.0,78.0,77.0,73.0,78.0,74.0,75.0,75.0,73.0,74.0
03/05/2025-16:21:02,76.0,74.0,79.0,75.0,78.0,77.0,73.0,78.0,74.0,75.0,75.0,73.0,74.0
03/05/2025-16:21:32,76.0,74.0,79.0,75.0,78.0,77.0,73.0,78.0,74.0,75.0,75.0,73.0,74.0
03/05/2025-16:22:02,76.0,74.0,79.0,75.0,78.0,77.0,73.0,78.0,74.0,76.0,75.0,73.0,74.0
03/05/2025-16:22:32,76.0,74.0,79.0,75.0,78.0,77.0,73.0,78.0,74.0,76.0,75.0,73.0,74.0
03/05/2025-16:23:02,76.0,74.0,79.0,75.0,78.0,77.0,73.0,78.0,74.0,75.0,75.0,73.0,74.0
03/05/2025-16:23:32,76.0,74.0,79.0,75.0,78.0,77.0,73.0,78.0,74.0,75.0,75.0,73.0,74.0
03/05/2025-16:24:02,76.0,74.0,79.0,76.0,78.0,77.0,73.0,78.0,74.0,76.0,75.0,73.0,74.0
03/05/2025-16:24:32,76.0,74.0,79.0,76.0,78.0,77.0,73.0,78.0,74.0,76.0,75.0,73.0,74.0
03/05/2025-16:25:02,76.0,74.0,79.0,76.0,78.0,77.0,73.0,78.0,74.0,76.0,75.0,73.0,74.0
03/05/2025-16:25:32,76.0,74.0,79.0,76.0,78.0,77.0,73.0,78.0,74.0,76.0,75.0,73.0,74.0
03/05/2025-16:26:02,76.0,74.0,79.0,76.0,78.0,77.0,73.0,78.0,74.0,76.0,75.0,73.0,74.0
03/05/2025-16:26:32,76.0,74.0,79.0,76.0,78.0,77.0,73.0,78.0,74.0,76.0,75.0,73.0,74.0
03/05/2025-16:27:02,76.0,74.0,79.0,75.0,78.0,77.0,73.0,78.0,74.0,76.0,75.0,73.0,74.0
03/05/2025-16:27:32,76.0,74.0,79.0,75.0,78.0,77.0,73.0,78.0,74.0,76.0,75.0,73.0,74.0
03/05/2025-16:28:02,76.0,74.0,79.0,75.0,78.0,77.0,73.0,78.0,74.0,76.0,75.0,73.0,74.0
03/05/2025-16:28:32,76.0,74.0,79.0,75.0,78.0,77.0,73.0,78.0,74.0,76.0,75.0,73.0,74.0
03/05/2025-16:29:02,76.0,74.0,79.0,75.0,78.0,77.0,73.0,78.0,74.0,76.0,75.0,73.0,74.0
03/05/2025-16:29:32,76.0,74.0,79.0,75.0,78.0,77.0,73.0,78.0,74.0,76.0,75.0,73.0,74.0
03/05/2025-16:30:02,76.0,74.0,79.0,75.0,78.0,77.0,73.0,78.0,74.0,76.0,75.0,73.0,74.0
03/05/2025-16:30:35,76.0,74.0,79.0,75.0,78.0,77.0,73.0,78.0,74.0,76.0,75.0,73.0,74.0
03/05/2025-16:31:03,76.0,74.0,79.0,75.0,78.0,77.0,73.0,78.0,74.0,76.0,75.0,73.0,74.0
03/05/2025-16:31:32,76.0,74.0,79.0,75.0,78.0,77.0,73.0,78.0,74.0,76.0,75.0,73.0,74.0
03/05/2025-16:32:03,76.0,74.0,79.0,75.0,78.0,77.0,73.0,78.0,74.0,76.0,76.0,73.0,74.0
03/05/2025-16:32:32,77.0,74.0,79.0,75.0,78.0,77.0,73.0,78.0,74.0,76.0,76.0,73.0,74.0
03/05/2025-16:33:02,77.0,74.0,79.0,75.0,78.0,77.0,73.0,78.0,74.0,76.0,76.0,73.0,74.0
03/05/2025-16:33:33,77.0,74.0,79.0,75.0,78.0,77.0,73.0,78.0,74.0,76.0,76.0,73.0,74.0
03/05/2025-16:34:02,77.0,74.0,79.0,75.0,78.0,77.0,73.0,78.0,74.0,76.0,76.0,73.0,74.0
03/05/2025-16:34:32,76.0,74.0,79.0,75.0,78.0,77.0,73.0,78.0,74.0,76.0,76.0,73.0,74.0
03/05/2025-16:35:03,76.0,74.0,79.0,75.0,78.0,77.0,73.0,78.0,74.0,76.0,75.0,73.0,74.0
03/05/2025-16:35:32,76.0,74.0,79.0,75.0,78.0,77.0,73.0,78.0,74.0,76.0,75.0,73.0,74.0
03/05/2025-16:36:02,76.0,74.0,79.0,75.0,78.0,77.0,73.0,78.0,74.0,76.0,75.0,73.0,74.0
03/05/2025-16:36:32,76.0,74.0,79.0,75.0,78.0,77.0,73.0,78.0,74.0,76.0,75.0,73.0,73.0
03/05/2025-16:37:02,76.0,74.0,79.0,75.0,78.0,77.0,73.0,78.0,74.0,76.0,76.0,73.0,73.0
03/05/2025-16:37:32,76.0,74.0,79.0,75.0,78.0,77.0,73.0,78.0,74.0,76.0,76.0,73.0,73.0
03/05/2025-16:38:02,76.0,74.0,79.0,75.0,78.0,77.0,73.0,78.0,74.0,76.0,76.0,73.0,73.0
03/05/2025-16:38:32,76.0,74.0,79.0,75.0,78.0,77.0,73.0,78.0,74.0,76.0,76.0,73.0,74.0
03/05/2025-16:39:02,76.0,74.0,79.0,75.0,78.0,77.0,73.0,78.0,74.0,76.0,76.0,73.0,74.0
03/05/2025-16:39:32,76.0,74.0,79.0,75.0,78.0,77.0,73.0,78.0,74.0,76.0,76.0,73.0,73.0
03/05/2025-16:40:02,76.0,74.0,79.0,75.0,78.0,77.0,73.0,78.0,74.0,76.0,76.0,73.0,73.0
03/05/2025-16:40:32,76.0,74.0,79.0,75.0,78.0,77.0,73.0,78.0,74.0,76.0,76.0,73.0,73.0
03/05/2025-16:41:03,76.0,74.0,79.0,75.0,78.0,77.0,73.0,78.0,74.0,76.0,76.0,73.0,73.0
03/05/2025-16:41:32,76.0,74.0,79.0,75.0,78.0,77.0,73.0,78.0,74.0,76.0,76.0,73.0,73.0
03/05/2025-16:42:02,76.0,74.0,79.0,75.0,78.0,77.0,73.0,78.0,74.0,76.0,76.0,73.0,73.0
03/05/2025-16:42:32,76.0,74.0,79.0,75.0,78.0,77.0,73.0,78.0,74.0,76.0,76.0,73.0,73.0
03/05/2025-16:43:02,76.0,74.0,79.0,75.0,78.0,77.0,73.0,78.0,74.0,76.0,76.0,73.0,73.0
03/05/2025-16:43:32,77.0,74.0,79.0,75.0,78.0,77.0,73.0,78.0,74.0,76.0,76.0,73.0,73.0
03/05/2025-16:44:02,77.0,74.0,79.0,75.0,78.0,77.0,73.0,78.0,74.0,76.0,76.0,73.0,73.0
03/05/2025-16:44:32,77.0,74.0,79.0,75.0,78.0,77.0,73.0,78.0,74.0,76.0,76.0,73.0,74.0
03/05/2025-16:45:02,77.0,74.0,79.0,75.0,78.0,77.0,73.0,78.0,74.0,76.0,76.0,73.0,74.0
03/05/2025-16:45:32,76.0,74.0,79.0,75.0,78.0,77.0,73.0,78.0,74.0,76.0,76.0,73.0,74.0
03/05/2025-16:46:02,76.0,74.0,79.0,75.0,78.0,77.0,73.0,78.0,74.0,76.0,76.0,73.0,74.0
03/05/2025-16:46:32,76.0,74.0,79.0,75.0,78.0,77.0,73.0,78.0,74.0,76.0,76.0,73.0,73.0
03/05/2025-16:47:02,76.0,74.0,79.0,75.0,78.0,77.0,73.0,78.0,74.0,76.0,76.0,73.0,73.0
03/05/2025-16:47:32,76.0,74.0,79.0,75.0,78.0,77.0,73.0,78.0,74.0,76.0,76.0,73.0,73.0
03/05/2025-16:48:02,76.0,74.0,79.0,75.0,78.0,77.0,73.0,78.0,74.0,76.0,76.0,73.0,73.0
03/05/2025-16:48:33,77.0,74.0,79.0,75.0,78.0,77.0,73.0,78.0,74.0,76.0,76.0,73.0,73.0
03/05/2025-16:49:02,77.0,74.0,79.0,75.0,78.0,77.0,73.0,78.0,74.0,76.0,76.0,73.0,73.0
03/05/2025-16:49:32,77.0,74.0,79.0,75.0,78.0,77.0,73.0,78.0,74.0,76.0,76.0,73.0,73.0
03/05/2025-16:50:02,77.0,74.0,79.0,75.0,78.0,77.0,73.0,78.0,74.0,76.0,76.0,73.0,73.0
03/05/2025-16:50:32,77.0,74.0,79.0,75.0,78.0,77.0,73.0,78.0,74.0,76.0,76.0,73.0,73.0
03/05/2025-16:51:02,77.0,74.0,79.0,75.0,78.0,77.0,73.0,78.0,74.0,76.0,76.0,73.0,73.0
03/05/2025-16:51:32,77.0,74.0,79.0,75.0,78.0,77.0,73.0,78.0,74.0,76.0,76.0,73.0,73.0
03/05/2025-16:52:02,77.0,74.0,79.0,75.0,78.0,77.0,73.0,78.0,74.0,76.0,76.0,73.0,73.0
03/05/2025-16:52:32,77.0,74.0,79.0,76.0,78.0,77.0,73.0,78.0,74.0,76.0,76.0,73.0,73.0
03/05/2025-16:53:02,77.0,74.0,79.0,76.0,78.0,77.0,73.0,78.0,74.0,76.0,76.0,73.0,73.0
03/05/2025-16:53:32,77.0,74.0,79.0,76.0,78.0,77.0,73.0,78.0,74.0,76.0,76.0,73.0,73.0
03/05/2025-16:54:03,77.0,74.0,79.0,76.0,78.0,77.0,73.0,78.0,74.0,76.0,76.0,73.0,73.0
03/05/2025-16:54:32,77.0,74.0,79.0,75.0,78.0,77.0,73.0,78.0,74.0,76.0,76.0,73.0,73.0
03/05/2025-16:55:02,77.0,74.0,79.0,75.0,78.0,77.0,73.0,78.0,74.0,76.0,76.0,73.0,73.0
03/05/2025-16:55:32,77.0,74.0,79.0,75.0,78.0,77.0,73.0,78.0,74.0,76.0,76.0,73.0,73.0
03/05/2025-16:56:02,77.0,74.0,79.0,75.0,78.0,77.0,73.0,78.0,74.0,76.0,76.0,73.0,73.0
03/05/2025-16:56:32,77.0,74.0,79.0,75.0,78.0,77.0,73.0,78.0,74.0,76.0,76.0,73.0,73.0
03/05/2025-16:57:02,77.0,74.0,79.0,75.0,78.0,77.0,73.0,79.0,75.0,76.0,76.0,73.0,73.0
03/05/2025-16:57:34,77.0,74.0,79.0,76.0,78.0,77.0,73.0,79.0,75.0,76.0,76.0,73.0,73.0
03/05/2025-16:58:02,77.0,74.0,79.0,76.0,78.0,77.0,73.0,78.0,75.0,76.0,76.0,73.0,73.0
03/05/2025-16:58:32,77.0,74.0,79.0,76.0,78.0,77.0,73.0,78.0,75.0,76.0,76.0,73.0,73.0
03/05/2025-16:59:02,77.0,74.0,79.0,76.0,78.0,77.0,73.0,78.0,75.0,76.0,76.0,73.0,73.0
03/05/2025-16:59:32,77.0,74.0,79.0,76.0,78.0,77.0,73.0,78.0,75.0,76.0,76.0,73.0,73.0
03/05/2025-17:00:02,77.0,74.0,79.0,76.0,78.0,77.0,73.0,79.0,75.0,76.0,76.0,73.0,73.0
03/05/2025-17:00:32,77.0,74.0,79.0,76.0,78.0,77.0,73.0,79.0,75.0,76.0,76.0,73.0,73.0
03/05/2025-17:01:02,77.0,74.0,79.0,76.0,78.0,77.0,73.0,79.0,75.0,76.0,76.0,73.0,73.0
03/05/2025-17:01:32,77.0,74.0,79.0,76.0,78.0,77.0,73.0,79.0,75.0,76.0,76.0,73.0,73.0
03/05/2025-17:02:02,77.0,74.0,79.0,76.0,78.0,77.0,73.0,79.0,75.0,76.0,76.0,73.0,73.0
03/05/2025-17:02:32,77.0,74.0,79.0,75.0,78.0,77.0,73.0,79.0,75.0,77.0,76.0,73.0,73.0
03/05/2025-17:03:02,76.0,74.0,79.0,75.0,78.0,77.0,73.0,79.0,75.0,77.0,76.0,73.0,73.0
03/05/2025-17:03:32,76.0,74.0,79.0,75.0,78.0,77.0,73.0,79.0,75.0,76.0,76.0,73.0,73.0
03/05/2025-17:04:02,76.0,74.0,79.0,75.0,78.0,77.0,73.0,78.0,75.0,76.0,76.0,73.0,73.0
03/05/2025-17:04:32,76.0,74.0,79.0,75.0,78.0,77.0,73.0,78.0,75.0,76.0,76.0,73.0,73.0
03/05/2025-17:05:02,76.0,74.0,79.0,75.0,78.0,77.0,73.0,79.0,75.0,76.0,76.0,73.0,73.0
03/05/2025-17:05:32,76.0,74.0,79.0,76.0,78.0,77.0,73.0,79.0,75.0,76.0,76.0,73.0,73.0
03/05/2025-17:06:03,76.0,74.0,79.0,76.0,78.0,77.0,73.0,79.0,75.0,76.0,76.0,73.0,73.0
03/05/2025-17:06:32,76.0,74.0,79.0,75.0,78.0,77.0,73.0,79.0,75.0,76.0,76.0,73.0,73.0
03/05/2025-17:07:02,76.0,74.0,79.0,75.0,78.0,77.0,73.0,79.0,75.0,76.0,76.0,73.0,73.0
03/05/2025-17:07:32,76.0,74.0,79.0,75.0,78.0,77.0,73.0,79.0,75.0,76.0,76.0,73.0,73.0
03/05/2025-17:08:02,77.0,74.0,79.0,75.0,78.0,77.0,73.0,79.0,75.0,76.0,76.0,73.0,73.0
03/05/2025-17:08:32,77.0,74.0,79.0,75.0,78.0,77.0,73.0,79.0,75.0,76.0,76.0,73.0,73.0
03/05/2025-17:09:02,76.0,74.0,79.0,75.0,78.0,77.0,73.0,79.0,75.0,76.0,76.0,73.0,73.0
03/05/2025-17:09:32,76.0,74.0,79.0,75.0,78.0,77.0,73.0,79.0,75.0,76.0,76.0,73.0,73.0
03/05/2025-17:10:03,76.0,74.0,79.0,75.0,78.0,77.0,73.0,79.0,75.0,76.0,76.0,73.0,73.0
03/05/2025-17:10:32,76.0,74.0,79.0,75.0,78.0,77.0,73.0,79.0,75.0,76.0,76.0,73.0,73.0
03/05/2025-17:11:02,77.0,74.0,79.0,75.0,78.0,77.0,73.0,79.0,75.0,76.0,76.0,73.0,73.0
03/05/2025-17:11:33,77.0,74.0,79.0,75.0,78.0,77.0,73.0,79.0,75.0,76.0,76.0,73.0,73.0
03/05/2025-17:12:02,77.0,74.0,79.0,75.0,78.0,77.0,73.0,79.0,75.0,76.0,76.0,73.0,73.0
03/05/2025-17:12:32,77.0,74.0,79.0,75.0,79.0,77.0,73.0,79.0,75.0,76.0,76.0,73.0,73.0
03/05/2025-17:13:02,77.0,74.0,79.0,75.0,79.0,77.0,73.0,79.0,75.0,76.0,76.0,73.0,73.0
03/05/2025-17:13:32,77.0,74.0,79.0,75.0,78.0,77.0,73.0,79.0,75.0,77.0,76.0,73.0,73.0
03/05/2025-17:14:02,76.0,74.0,79.0,75.0,78.0,77.0,73.0,79.0,75.0,77.0,76.0,73.0,73.0
03/05/2025-17:14:32,76.0,74.0,79.0,75.0,78.0,77.0,73.0,79.0,75.0,77.0,76.0,73.0,73.0
03/05/2025-17:15:02,77.0,74.0,79.0,75.0,78.0,77.0,73.0,79.0,75.0,77.0,76.0,73.0,73.0
03/05/2025-17:15:32,77.0,74.0,79.0,75.0,78.0,77.0,73.0,79.0,75.0,76.0,76.0,73.0,73.0
03/05/2025-17:16:02,77.0,74.0,79.0,75.0,78.0,77.0,73.0,79.0,75.0,76.0,76.0,73.0,73.0
03/05/2025-17:16:32,77.0,74.0,79.0,75.0,78.0,77.0,73.0,79.0,75.0,76.0,76.0,73.0,73.0
03/05/2025-17:17:02,77.0,74.0,79.0,75.0,78.0,77.0,73.0,79.0,75.0,76.0,76.0,73.0,73.0
03/05/2025-17:17:32,77.0,74.0,79.0,75.0,78.0,77.0,73.0,79.0,75.0,76.0,76.0,73.0,73.0
03/05/2025-17:18:03,77.0,74.0,79.0,75.0,78.0,77.0,73.0,79.0,75.0,76.0,76.0,73.0,73.0
03/05/2025-17:18:32,77.0,74.0,79.0,75.0,78.0,77.0,73.0,79.0,75.0,77.0,76.0,73.0,73.0
03/05/2025-17:19:02,77.0,74.0,79.0,75.0,78.0,77.0,73.0,79.0,75.0,77.0,76.0,73.0,73.0
03/05/2025-17:19:32,77.0,74.0,79.0,75.0,78.0,77.0,73.0,79.0,75.0,77.0,76.0,73.0,73.0
03/05/2025-17:20:02,77.0,74.0,79.0,75.0,78.0,77.0,73.0,79.0,75.0,77.0,76.0,73.0,73.0
03/05/2025-17:20:32,77.0,74.0,79.0,76.0,78.0,77.0,73.0,79.0,76.0,77.0,76.0,73.0,73.0
03/05/2025-17:21:02,77.0,74.0,79.0,76.0,78.0,77.0,73.0,79.0,76.0,77.0,76.0,73.0,73.0
03/05/2025-17:21:32,77.0,74.0,79.0,76.0,78.0,77.0,73.0,79.0,76.0,77.0,76.0,73.0,73.0
03/05/2025-17:22:02,77.0,74.0,79.0,76.0,78.0,77.0,73.0,79.0,76.0,77.0,76.0,73.0,73.0
03/05/2025-17:22:35,77.0,74.0,79.0,76.0,78.0,77.0,73.0,79.0,76.0,77.0,76.0,73.0,73.0
03/05/2025-17:23:02,76.0,74.0,79.0,76.0,78.0,77.0,73.0,79.0,76.0,77.0,76.0,73.0,73.0
03/05/2025-17:23:32,76.0,74.0,79.0,76.0,78.0,77.0,73.0,79.0,76.0,77.0,76.0,73.0,73.0
03/05/2025-17:24:02,76.0,74.0,79.0,76.0,78.0,77.0,73.0,79.0,76.0,77.0,76.0,73.0,73.0
03/05/2025-17:24:32,76.0,74.0,79.0,76.0,78.0,77.0,73.0,79.0,76.0,77.0,76.0,73.0,73.0
03/05/2025-17:25:02,77.0,74.0,79.0,76.0,78.0,77.0,73.0,79.0,76.0,77.0,76.0,73.0,73.0
03/05/2025-17:25:32,77.0,74.0,79.0,76.0,78.0,77.0,73.0,79.0,76.0,77.0,76.0,73.0,73.0
03/05/2025-17:26:02,77.0,74.0,79.0,76.0,78.0,77.0,73.0,79.0,76.0,77.0,76.0,73.0,73.0
03/05/2025-17:26:32,77.0,74.0,79.0,76.0,78.0,77.0,73.0,79.0,76.0,77.0,76.0,73.0,73.0
03/05/2025-17:27:02,77.0,74.0,79.0,76.0,78.0,77.0,73.0,79.0,76.0,77.0,76.0,73.0,73.0
03/05/2025-17:27:32,77.0,74.0,79.0,76.0,78.0,77.0,73.0,79.0,76.0,77.0,76.0,73.0,73.0
03/05/2025-17:28:02,77.0,74.0,79.0,76.0,78.0,77.0,73.0,79.0,76.0,77.0,76.0,73.0,73.0
03/05/2025-17:28:32,77.0,74.0,79.0,76.0,78.0,77.0,73.0,79.0,76.0,77.0,76.0,73.0,73.0
03/05/2025-17:29:02,77.0,74.0,79.0,76.0,78.0,77.0,73.0,79.0,76.0,77.0,76.0,73.0,73.0
03/05/2025-17:29:32,77.0,74.0,79.0,76.0,78.0,77.0,73.0,79.0,76.0,77.0,76.0,73.0,73.0
03/05/2025-17:30:07,77.0,74.0,79.0,76.0,78.0,77.0,73.0,79.0,76.0,77.0,76.0,73.0,73.0
03/05/2025-17:30:33,77.0,74.0,79.0,76.0,78.0,77.0,73.0,79.0,76.0,77.0,76.0,73.0,73.0
03/05/2025-17:31:02,77.0,74.0,79.0,75.0,78.0,77.0,73.0,79.0,76.0,77.0,76.0,73.0,73.0
